 TS, Iref, Isig, ATN, BC, RH, T, FR, Vbat
$2022-03-10 15:26:25,6343397,7245503,0.577672,12.042,2.17594,24.02533,100.3,7.1
$2022-03-10 15:26:27,6342674,7244267,0.583498,15.6981,2.15763,24.02533,100.3,7.1
$2022-03-10 15:26:29,6342191,7242983,0.5937204,27.5974,2.15763,24.03868,100.6,7.1
$2022-03-10 15:26:37,6343753,7237502,0.694355,58.5264,2.04623,24.05203,130.6,7.09
$2022-03-10 15:26:39,6343605,7235947,0.7136469,35.5598,2.00046,24.09476,147.6,7.09
$2022-03-10 15:26:41,6343070,7234460,0.7259283,22.7352,1.88602,24.10811,147.9,7.09
$2022-03-10 15:26:43,6342524,7233170,0.7353201,17.2678,1.88602,24.10811,148.2,7.09
$2022-03-10 15:26:45,6341918,7231936,0.7429972,14.0945,1.78988,24.12146,148.2,7.09
$2022-03-10 15:26:47,6341300,7230606,0.7518311,16.1895,1.78988,24.13748,148.6,7.09
$2022-03-10 15:26:49,6340705,7229421,0.7589922,13.0839,1.7258,24.15083,148.9,7.09
$2022-03-10 15:26:51,6340040,7228171,0.7659273,12.7271,1.7258,24.16419,149.3,7.09
$2022-03-10 15:26:53,6339362,7226903,0.7729454,12.7916,1.70901,24.16419,149.3,7.09
$2022-03-10 15:26:55,6338691,7225671,0.7795811,12.1159,1.71206,24.19356,149.3,7.09
$2022-03-10 15:26:57,6338019,7224360,0.7873049,14.0715,1.72732,24.22027,149.3,7.09
$2022-03-10 15:26:59,6337274,7222995,0.7945776,13.3238,1.64797,24.20691,148.9,7.09
$2022-03-10 15:27:01,6336586,7221688,0.802,13.1698,1.61288,24.22027,149.6,7.09
$2022-03-10 15:27:03,6335819,7220300,0.8092794,13.3462,1.64797,24.22027,149.3,7.09
$2022-03-10 15:27:05,6335068,7218940,0.8164167,13.0315,1.64797,24.24964,149.6,7.09
$2022-03-10 15:27:07,6334340,7217584,0.823905,13.751,1.68154,24.29237,149.6,7.09
$2022-03-10 15:27:09,6333564,7216198,0.8309994,12.9956,1.63119,24.24964,149.3,7.09
$2022-03-10 15:27:11,6332821,7214817,0.838603,13.9861,1.61593,24.30572,149.3,7.09
$2022-03-10 15:27:13,6332040,7213385,0.8462934,14.1348,1.58541,24.31907,149.3,7.09
$2022-03-10 15:27:15,6331234,7211893,0.8544188,14.8898,1.58541,24.33242,149.6,7.09
$2022-03-10 15:27:17,6330461,7210528,0.8612795,12.5177,1.61746,24.33242,149.6,7.09
$2022-03-10 15:27:19,6329653,7209166,0.8676052,11.6472,1.57015,24.34844,149.3,7.09
$2022-03-10 15:27:21,6328856,7207785,0.8743505,12.373,1.53811,24.36179,149.6,7.09
$2022-03-10 15:27:23,6328068,7206423,0.8809862,12.1739,1.57168,24.3885,149.3,7.09
$2022-03-10 15:27:25,6327240,7204979,0.8881178,13.0695,1.57168,24.3885,149.6,7.09
$2022-03-10 15:27:27,6326415,7203564,0.8949022,12.4488,1.55642,24.41787,149.6,7.09
$2022-03-10 15:27:29,6325601,7202160,0.9017076,12.4672,1.58999,24.44724,149.6,7.09
$2022-03-10 15:27:31,6324736,7200647,0.9092321,13.7945,1.5259,24.43122,149.6,7.09
$2022-03-10 15:27:33,6323892,7199220,0.9158792,12.1624,1.55642,24.44724,149.6,7.09
$2022-03-10 15:27:35,6323059,7197818,0.9223623,11.7731,1.57473,24.46326,149.6,7.09
$2022-03-10 15:27:40,6321162,7194522,0.9383411,12.8636,1.5259,24.47662,149.6,7.09
$2022-03-10 15:27:42,6320281,7192979,0.9460449,14.1045,1.49386,24.50599,149.6,7.09
$2022-03-10 15:27:44,6319397,7191363,0.9547386,15.9501,1.51217,24.53269,149.6,7.09
$2022-03-10 15:27:46,6318563,7189759,0.9640207,17.0144,1.51217,24.51934,149.6,7.09
$2022-03-10 15:27:48,6317697,7188054,0.9742308,18.7771,1.51217,24.56207,149.3,7.09
$2022-03-10 15:27:50,6316814,7186269,0.9852724,20.1595,1.52895,24.56207,149.3,7.09
$2022-03-10 15:27:52,6315977,7184606,0.9953861,18.5975,1.46487,24.60212,149.3,7.09
$2022-03-10 15:27:54,6315114,7183030,1.0038166,15.371,1.48013,24.57542,149.6,7.09
$2022-03-10 15:27:56,6314251,7181523,1.0113459,13.7988,1.43282,24.60212,149.6,7.09
$2022-03-10 15:27:58,6313397,7180097,1.0178776,11.92,1.45113,24.63149,149.6,7.09
$2022-03-10 15:28:00,6312520,7178625,1.0246544,12.3508,1.48318,24.64484,149.6,7.09
$2022-03-10 15:28:02,6311661,7177199,1.0311384,11.8802,1.51522,24.64484,149.6,7.09
$2022-03-10 15:28:04,6310817,7175802,1.0374117,11.5234,1.48318,24.6582,149.6,7.09
$2022-03-10 15:28:06,6309944,7174314,1.0445328,13.0586,1.43435,24.68757,149.6,7.09
$2022-03-10 15:28:08,6309084,7172900,1.0508318,11.5205,1.46639,24.70092,149.6,7.09
$2022-03-10 15:28:10,6308241,7171453,1.0578232,12.8296,1.43435,24.68757,149.6,7.09
$2022-03-10 15:28:12,6307361,7169938,1.0652056,13.5421,1.45266,24.71694,149.6,7.09
$2022-03-10 15:28:14,6306519,7168461,1.0726347,13.65,1.45266,24.74365,149.6,7.09
$2022-03-10 15:28:16,6305669,7166980,1.0800381,13.5954,1.45571,24.757,149.6,7.09
$2022-03-10 15:28:18,6304815,7165511,1.0871677,13.0506,1.46944,24.77302,150,7.09
$2022-03-10 15:28:20,6303981,7164132,1.0933962,11.4459,1.46944,24.757,149.6,7.09
$2022-03-10 15:28:21,6303125,7162661,1.1005535,13.1428,1.42061,24.78637,149.6,7.09
$2022-03-10 15:28:23,6302266,7161194,1.1075888,12.9176,1.37484,24.78637,149.6,7.09
$2022-03-10 15:28:25,6301464,7159630,1.11689,16.9761,1.42367,24.81307,149.6,7.09
$2022-03-10 15:28:27,6300596,7157956,1.1266918,17.8439,1.46944,24.81307,149.6,7.09
$2022-03-10 15:28:30,6299737,7156271,1.1367979,18.5691,1.42367,24.84245,149.6,7.09
$2022-03-10 15:28:32,6298899,7154626,1.1466713,18.1361,1.45724,24.8558,149.6,7.09
$2022-03-10 15:28:33,6298046,7153030,1.1556177,16.4081,1.45724,24.84245,149.6,7.09
$2022-03-10 15:28:35,6297249,7151601,1.1631355,13.8159,1.45724,24.88517,149.6,7.09
$2022-03-10 15:28:37,6296421,7150159,1.1703339,13.2205,1.40993,24.89853,149.6,7.09
$2022-03-10 15:28:42,6294497,7146744,1.1877823,14.0918,1.42519,24.92523,149.6,7.09
$2022-03-10 15:28:44,6293647,7145180,1.1963453,15.7134,1.4435,24.94125,149.6,7.09
$2022-03-10 15:28:46,6292797,7143516,1.2063084,18.3142,1.4435,24.95461,149.6,7.09
$2022-03-10 15:28:48,6292006,7141959,1.2157497,17.3226,1.40993,24.96796,149.6,7.09
$2022-03-10 15:28:50,6291176,7140281,1.2262449,19.2497,1.37942,24.96796,150,7.09
$2022-03-10 15:28:52,6290343,7138596,1.2368145,19.4138,1.41146,24.98131,149.6,7.09
$2022-03-10 15:28:54,6289549,7137027,1.2463121,17.4474,1.37942,24.99733,149.6,7.09
$2022-03-10 15:28:56,6288725,7135430,1.2558041,17.4348,1.42824,25.01335,149.6,7.09
$2022-03-10 15:28:58,6287901,7133944,1.2637272,14.4766,1.38247,25.04272,149.6,7.09
$2022-03-10 15:29:00,6287088,7132530,1.2707977,12.8943,1.3962,25.04272,149.6,7.09
$2022-03-10 15:29:02,6286259,7131015,1.2790499,15.1902,1.38247,25.06943,149.6,7.09
$2022-03-10 15:29:04,6285444,7129596,1.2861595,13.0708,1.31533,25.05608,149.6,7.09
$2022-03-10 15:29:06,6284651,7128191,1.2934504,13.3365,1.39773,25.08278,149.6,7.09
$2022-03-10 15:29:08,6283799,7126747,1.3003435,12.6797,1.31838,25.0988,149.6,7.09
$2022-03-10 15:29:10,6283023,7125341,1.3079243,13.9259,1.43282,25.1255,149.6,7.09
$2022-03-10 15:29:12,6282236,7123886,1.3160181,14.7211,1.38399,25.13885,150,7.09
$2022-03-10 15:29:14,6281416,7122447,1.3233614,13.4966,1.35195,25.15488,149.6,7.09
$2022-03-10 15:29:16,6280618,7121114,1.3295565,11.3766,1.33364,25.1255,149.6,7.09
$2022-03-10 15:29:18,6279820,7119746,1.3362379,12.2974,1.36873,25.15488,149.6,7.09
$2022-03-10 15:29:20,6279015,7118310,1.3437614,13.8233,1.41604,25.16823,149.6,7.09
$2022-03-10 15:29:22,6278233,7116889,1.3514881,14.2021,1.30617,25.2243,150,7.09
$2022-03-10 15:29:24,6277458,7115351,1.3609428,17.3386,1.355,25.21095,150,7.09
$2022-03-10 15:29:26,6276663,7113875,1.3692551,15.2497,1.355,25.23766,150,7.09
$2022-03-10 15:29:28,6275891,7112368,1.3783102,16.5948,1.41604,25.21095,150,7.09
$2022-03-10 15:29:30,6275083,7110795,1.3877344,17.3206,1.33822,25.23766,150,7.09
$2022-03-10 15:29:32,6274316,7109406,1.3952684,13.8392,1.30922,25.28039,150,7.09
$2022-03-10 15:29:34,6273530,7108046,1.4020395,12.41,1.29091,25.25101,150,7.09
$2022-03-10 15:29:36,6272768,7106659,1.409606,13.9277,1.355,25.26704,149.6,7.09
$2022-03-10 15:29:38,6272006,7105360,1.4159241,11.5903,1.33822,25.29374,150,7.09
$2022-03-10 15:29:40,6271237,7104055,1.4222136,11.5568,1.32296,25.30976,150,7.09
$2022-03-10 15:29:45,6269533,7101142,1.4362307,11.306,1.34127,25.34981,150,7.09
$2022-03-10 15:29:47,6268725,7099791,1.4425802,11.6645,1.37484,25.34981,150,7.09
$2022-03-10 15:29:49,6267954,7098511,1.4484901,10.8474,1.32448,25.34981,150,7.09
$2022-03-10 15:29:51,6267242,7097269,1.454812,11.5897,1.32448,25.39254,150.3,7.09
$2022-03-10 15:29:53,6266456,7095945,1.4611197,11.5717,1.31075,25.37919,150,7.09
$2022-03-10 15:29:55,6265685,7094600,1.4679604,12.5698,1.29549,25.39254,150,7.09
$2022-03-10 15:29:57,6264968,7093321,1.4747267,12.4286,1.24514,25.39254,150,7.09
$2022-03-10 15:29:58,6264198,7091924,1.4823217,13.8142,1.34279,25.43526,150.3,7.09
$2022-03-10 15:30:01,6263442,7090389,1.4920797,17.8252,1.27871,25.42191,150,7.09
$2022-03-10 15:30:03,6262723,7088897,1.5018177,17.8828,1.32753,25.44862,150,7.09
$2022-03-10 15:30:05,6261953,7087352,1.511488,17.6246,1.34279,25.46197,150,7.09
$2022-03-10 15:30:07,6261233,7085795,1.5221415,19.4217,1.29702,25.46197,150.3,7.09
$2022-03-10 15:30:09,6260462,7084250,1.5318289,16.8689,1.26345,25.44862,150,7.09
$2022-03-10 15:30:11,6259698,7082702,1.5416441,17.9966,1.28176,25.49134,150.3,7.08
$2022-03-10 15:30:13,6258966,7081324,1.5495911,14.4819,1.28176,25.49134,150,7.09
$2022-03-10 15:30:15,6258221,7079957,1.5571404,13.7804,1.29702,25.49134,150.3,7.09
$2022-03-10 15:30:17,6257476,7078579,1.5648699,14.2107,1.32906,25.53406,150,7.08
$2022-03-10 15:30:19,6256767,7077240,1.5726404,14.1575,1.26497,25.51804,150,7.09
$2022-03-10 15:30:21,6256032,7075998,1.5786037,10.9032,1.26497,25.53406,150.3,7.09
$2022-03-10 15:30:23,6255294,7074647,1.5860825,13.7494,1.28176,25.54742,150.3,7.09
$2022-03-10 15:30:25,6254605,7073362,1.5934067,13.426,1.28328,25.59282,150,7.09
$2022-03-10 15:30:27,6253867,7072001,1.6010265,13.9893,1.26802,25.57946,150.3,7.09
$2022-03-10 15:30:29,6253150,7070697,1.6081467,13.0585,1.28328,25.57946,150.3,7.09
$2022-03-10 15:30:31,6252460,7069457,1.6148224,12.2364,1.25124,25.60617,150.3,7.09
$2022-03-10 15:30:33,6251718,7068102,1.6222982,13.7193,1.25124,25.61952,150.3,7.08
$2022-03-10 15:30:35,6251033,7066717,1.6310949,16.1404,1.28328,25.60617,150.3,7.08
$2022-03-10 15:30:37,6250323,7065248,1.6407175,17.6539,1.30159,25.66225,150.3,7.09
$2022-03-10 15:30:39,6249627,7063673,1.6520643,20.8397,1.31838,25.6489,150.3,7.08
$2022-03-10 15:30:41,6248925,7062113,1.6630659,20.1435,1.26955,25.66225,150.7,7.08
$2022-03-10 15:30:43,6248229,7060657,1.6727266,17.6621,1.25429,25.69162,150.7,7.09
$2022-03-10 15:31:22,6235856,7041661,1.6996441,46.2217,2.94957,25.7744,164.5,7.04
$2022-03-10 15:31:24,6235661,7040801,1.7204647,38.0795,2.59556,25.78775,150.7,7.05
$2022-03-10 15:31:26,6235575,7039977,1.7379246,31.9123,2.24002,25.78775,150.7,7.04
$2022-03-10 15:31:28,6235468,7039196,1.7520313,25.9281,1.9501,25.76105,150.7,7.04
$2022-03-10 15:31:30,6235363,7038542,1.7630892,7.4256,1.80514,25.7744,151,7.06
$2022-03-10 15:31:35,6235050,7036907,1.7838631,37.7462,1.51217,25.76105,151,7.08
$2022-03-10 15:31:37,6234962,7036428,1.7913074,13.5457,1.49691,25.78775,151.3,7.08
$2022-03-10 15:31:39,6234842,7035846,1.7992344,14.3176,1.44808,25.7477,151.3,7.08
$2022-03-10 15:31:41,6234724,7035323,1.8060989,12.5528,1.45113,25.7744,151,7.08
$2022-03-10 15:31:43,6234611,7034779,1.8130836,12.8006,1.38399,25.7477,150.7,7.08
$2022-03-10 15:31:45,6234483,7034156,1.8208208,14.181,1.32296,25.76105,150.7,7.08
$2022-03-10 15:31:47,6234339,7033515,1.8284636,14.0203,1.33669,25.80377,150.7,7.08
$2022-03-10 15:31:49,6234185,7032802,1.8368511,15.316,1.32296,25.7744,151,7.08
$2022-03-10 15:31:51,6234030,7032109,1.8448696,14.6928,1.27413,25.81712,150.7,7.08
$2022-03-10 15:31:53,6233860,7031433,1.8523016,13.6277,1.33669,25.78775,150.7,7.08
$2022-03-10 15:31:55,6233661,7030658,1.8606272,15.237,1.32296,25.81712,151,7.08
$2022-03-10 15:31:57,6233438,7029799,1.8697176,16.6063,1.29091,25.80377,151,7.08
$2022-03-10 15:31:59,6233192,7028831,1.8799772,18.0553,1.25582,25.83048,151,7.08
$2022-03-10 15:32:01,6232921,7027821,1.8903694,18.8445,1.32296,25.81712,151,7.08
$2022-03-10 15:32:03,6232611,7026865,1.8993702,16.4476,1.25887,25.84383,151,7.08
$2022-03-10 15:32:05,6232293,7026010,1.9067373,13.4941,1.24514,25.84383,151,7.08
$2022-03-10 15:32:07,6231977,7025124,1.9145889,14.348,1.22683,25.84383,151,7.08
$2022-03-10 15:32:09,6231658,7024273,1.9218483,13.3173,1.24514,25.85985,150.7,7.08
$2022-03-10 15:32:11,6231311,7023411,1.9288387,12.8284,1.22835,25.88655,150.7,7.08
$2022-03-10 15:32:13,6230927,7022516,1.9356546,12.3885,1.24514,25.84383,150.7,7.08
$2022-03-10 15:32:15,6230535,7021611,1.9424887,12.4598,1.21004,25.88655,151,7.08
$2022-03-10 15:32:17,6230145,7020699,1.9494505,12.7422,1.25887,25.88655,151,7.08
$2022-03-10 15:32:19,6229737,7019752,1.9566002,13.1198,1.22835,25.91593,150.7,7.08
$2022-03-10 15:32:21,6229301,7018817,1.9679708,20.7689,1.21309,25.92928,151,7.08
$2022-03-10 15:32:23,6228863,7017832,1.9750051,12.8953,1.25887,25.91593,151,7.08
$2022-03-10 15:32:25,6228391,7016807,1.9821463,13.0906,1.16426,25.94263,151,7.08
$2022-03-10 15:32:27,6227934,7015748,1.9899845,14.33,1.24666,25.94263,151,7.08
$2022-03-10 15:32:29,6227445,7014647,1.9978952,14.4295,1.24666,25.94263,151,7.08
$2022-03-10 15:32:31,6226995,7013559,2.0062361,15.1735,1.2314,25.95865,150.7,7.08
$2022-03-10 15:32:33,6226508,7012387,2.0152197,16.5059,1.22835,25.94263,150.7,7.08
$2022-03-10 15:32:35,6226020,7011120,2.0255451,18.9289,1.19631,25.972,150.7,7.08
$2022-03-10 15:32:37,6225532,7009837,2.0361032,19.3508,1.16732,25.98535,151,7.08
$2022-03-10 15:32:39,6225021,7008556,2.0462904,18.6307,1.2314,25.9987,151,7.08
$2022-03-10 15:32:41,6224522,7007402,2.0548487,15.7035,1.21462,26.02808,151,7.08
$2022-03-10 15:32:46,6223372,7004816,2.0734158,14.9373,1.24971,26.01473,151,7.08
$2022-03-10 15:32:48,6222827,7003672,2.0811205,14.1318,1.26345,26.02808,151,7.08
$2022-03-10 15:32:50,6222326,7002607,2.0883675,13.2986,1.21462,26.02808,150.7,7.08
$2022-03-10 15:32:52,6221802,7001590,2.0945883,11.4356,1.16884,26.05478,150.7,7.08
$2022-03-10 15:32:54,6221261,7000472,2.1019888,13.5879,1.18257,26.05478,150.7,7.08
$2022-03-10 15:32:56,6220772,6999400,2.1095772,13.9416,1.21767,26.08415,150.7,7.08
$2022-03-10 15:32:58,6220227,6998308,2.11656,12.8121,1.20089,26.08415,150.7,7.08
$2022-03-10 15:33:00,6219701,6997221,2.1237783,13.269,1.16884,26.09751,150.7,7.08
$2022-03-10 15:33:02,6219184,6996156,2.1307945,12.8337,1.18257,26.08415,150.7,7.08
$2022-03-10 15:33:04,6218653,6995026,2.1385345,14.0922,1.20089,26.09751,150.7,7.08
$2022-03-10 15:33:06,6218125,6993940,2.1457043,13.1756,1.17189,26.11353,150.7,7.08
$2022-03-10 15:33:08,6217614,6992873,2.152833,12.5287,1.21767,26.09751,150.7,7.08
$2022-03-10 15:33:10,6217050,6991772,2.1596327,12.4629,1.18563,26.12955,150.7,7.08
$2022-03-10 15:33:12,6216536,6990704,2.1667805,13.0969,1.17189,26.11353,150.7,7.08
$2022-03-10 15:33:14,6216005,6989596,2.1742086,13.6505,1.20089,26.1429,150.7,7.09
$2022-03-10 15:33:16,6215469,6988464,2.1819115,14.1646,1.20089,26.1429,150.7,7.08
$2022-03-10 15:33:18,6214974,6987317,2.1904974,15.768,1.12154,26.1429,150.7,7.08
$2022-03-10 15:33:20,6214424,6986093,2.1992979,16.1824,1.13985,26.17227,150.7,7.08
$2022-03-10 15:33:22,6213893,6984893,2.2080431,16.0856,1.20394,26.17227,150.7,7.08
$2022-03-10 15:33:24,6213358,6983850,2.2144976,11.75,1.15511,26.18562,150.7,7.09
$2022-03-10 15:33:26,6212852,6982814,2.2213135,12.5059,1.17189,26.18562,151,7.08
$2022-03-10 15:33:28,6212324,6981831,2.2269983,10.4061,1.15816,26.21233,150.7,7.08
$2022-03-10 15:33:30,6211817,6980870,2.2327414,10.5655,1.13985,26.21233,150.7,7.08
$2022-03-10 15:33:32,6211298,6979854,2.2390547,11.5951,1.18715,26.19898,150.7,7.08
$2022-03-10 15:33:34,6210791,6978837,2.245594,11.9931,1.20546,26.2417,151,7.08
$2022-03-10 15:33:36,6210279,6977843,2.2517319,11.2544,1.15816,26.22835,151,7.08
$2022-03-10 15:33:38,6209757,6976861,2.2575073,10.6069,1.12306,26.2417,151,7.08
$2022-03-10 15:33:40,6209254,6975842,2.2641535,12.1838,1.20546,26.2417,151,7.08
$2022-03-10 15:33:42,6208707,6974791,2.2705307,11.7064,1.15816,26.25505,151,7.08
$2022-03-10 15:33:44,6208211,6973802,2.2768412,11.6285,1.14137,26.26841,150.3,7.08
$2022-03-10 15:33:48,6207068,6971486,2.2917414,12.0153,1.20546,26.26841,150.7,7.08
$2022-03-10 15:33:50,6206556,6970428,2.2987995,12.9843,1.14137,26.29778,150.7,7.09
$2022-03-10 15:33:52,6206070,6969400,2.30585,12.8616,1.15969,26.29778,150.7,7.08
$2022-03-10 15:33:54,6205551,6968293,2.3134623,13.9959,1.15969,26.31114,150.7,7.08
$2022-03-10 15:33:56,6205063,6967297,2.3200445,12.0631,1.22377,26.32449,150.7,7.08
$2022-03-10 15:33:58,6204560,6966336,2.3258429,10.5789,1.17647,26.32449,150.7,7.08
$2022-03-10 15:34:00,6204047,6965300,2.332551,12.3351,1.15969,26.34051,150.7,7.08
$2022-03-10 15:34:02,6203566,6964272,2.3396864,13.1674,1.15969,26.34051,150.3,7.08
$2022-03-10 15:34:04,6203090,6963281,2.3463612,12.2566,1.14443,26.34051,151,7.08
$2022-03-10 15:34:06,6202580,6962278,2.3526592,11.5826,1.0956,26.35386,150.7,7.08
$2022-03-10 15:34:08,6202098,6961303,2.3589973,11.6541,1.17647,26.34051,150.7,7.08
$2022-03-10 15:34:10,6201609,6960249,2.3663788,13.512,1.09865,26.36721,150.7,7.08
$2022-03-10 15:34:12,6201105,6959090,2.3750153,15.7684,1.11238,26.36721,150.7,7.08
$2022-03-10 15:34:14,6200606,6958059,2.3819275,12.6882,1.11238,26.39658,151,7.08
$2022-03-10 15:34:16,6200130,6957033,2.3891125,13.2314,1.09865,26.38056,150.7,7.08
$2022-03-10 15:34:18,6199652,6956065,2.3954229,11.6117,1.12764,26.39658,150.7,7.08
$2022-03-10 15:34:20,6199187,6955070,2.4023533,12.7428,1.11238,26.40994,151,7.08
$2022-03-10 15:34:22,6198723,6954163,2.4080334,10.4569,1.14595,26.39658,150.7,7.08
$2022-03-10 15:34:24,6198258,6953207,2.4143887,11.6947,1.11238,26.43931,150.7,7.08
$2022-03-10 15:34:26,6197781,6952281,2.4201145,10.5204,1.12764,26.40994,151,7.08
$2022-03-10 15:34:28,6197309,6951303,2.4267025,12.1168,1.18105,26.45266,150.7,7.08
$2022-03-10 15:34:30,6196847,6950349,2.4330502,11.6938,1.14595,26.42329,150.7,7.08
$2022-03-10 15:34:32,6196387,6949389,2.439537,11.8429,1.13069,26.43931,151,7.08
$2022-03-10 15:34:34,6195913,6948373,2.4466581,13.0042,1.06661,26.47936,151,7.08
$2022-03-10 15:34:36,6195455,6947393,2.4534721,12.544,1.14595,26.46601,150.7,7.08
$2022-03-10 15:34:38,6195001,6946446,2.4598637,11.6142,1.10018,26.45266,150.7,7.08
$2022-03-10 15:34:40,6194541,6945526,2.4658279,10.9648,1.11391,26.47936,151,7.08
$2022-03-10 15:34:42,6194075,6944642,2.4711313,9.7699,1.11391,26.47936,150.7,7.08
$2022-03-10 15:34:44,6193598,6943685,2.477335,11.4255,1.10018,26.49539,150.7,7.08
$2022-03-10 15:34:46,6193126,6942643,2.4848137,13.7392,1.11391,26.49539,151,7.08
$2022-03-10 15:34:51,6192096,6940236,2.5029812,14.641,1.10323,26.53544,151,7.08
$2022-03-10 15:34:53,6191640,6939076,2.5124483,17.3306,1.149,26.53544,151,7.08
$2022-03-10 15:34:55,6191200,6938028,2.5205526,14.8746,1.10018,26.52209,150.7,7.08
$2022-03-10 15:34:57,6190746,6937002,2.528121,13.8097,1.13222,26.55146,151,7.08
$2022-03-10 15:34:59,6190290,6936037,2.53477,12.1701,1.06813,26.53544,151,7.08
$2022-03-10 15:35:01,6189860,6935147,2.5407696,11.0213,1.13222,26.55146,151,7.08
$2022-03-10 15:35:03,6189421,6934253,2.546649,10.8043,1.13222,26.55146,151,7.08
$2022-03-10 15:35:05,6188956,6933300,2.5529947,11.6636,1.15053,26.56481,151,7.08
$2022-03-10 15:35:07,6188519,6932410,2.5588732,10.7709,1.11696,26.57816,150.7,7.08
$2022-03-10 15:35:09,6188067,6931439,2.5656919,12.5611,1.13222,26.57816,150.7,7.08
$2022-03-10 15:35:11,6187637,6930471,2.5728178,13.0131,1.07118,26.57816,151,7.08
$2022-03-10 15:35:13,6187220,6929591,2.5788689,11.0949,1.03609,26.57816,150.7,7.08
$2022-03-10 15:35:15,6186750,6928631,2.5852461,11.6681,1.10475,26.6209,150.7,7.08
$2022-03-10 15:35:17,6186324,6927710,2.5917435,11.9727,1.10475,26.60754,150.7,7.08
$2022-03-10 15:35:19,6185894,6926721,2.5991735,13.2179,1.08644,26.59152,150.7,7.08
$2022-03-10 15:35:21,6185452,6925532,2.6092854,18.6107,1.13527,26.60754,150.7,7.08
$2022-03-10 15:35:23,6185030,6924406,2.6188288,17.599,1.13527,26.6209,150.7,7.08
$2022-03-10 15:35:25,6184601,6923327,2.6276035,16.117,1.07118,26.6476,150.7,7.09
$2022-03-10 15:35:27,6184163,6922276,2.6357851,15.0954,1.07118,26.63425,150.7,7.08
$2022-03-10 15:35:29,6183775,6921352,2.6429853,13.3068,1.11849,26.6476,150.7,7.09
$2022-03-10 15:35:31,6183361,6920395,2.6502056,13.3217,1.11849,26.6476,150.7,7.08
$2022-03-10 15:35:33,6182936,6919408,2.6577053,13.8134,1.11849,26.66629,150.7,7.08
$2022-03-10 15:35:35,6182513,6918469,2.6645308,12.6035,1.10475,26.66629,150.7,7.08
$2022-03-10 15:35:37,6182090,6917515,2.6715765,12.9516,1.08949,26.69299,150.7,7.08
$2022-03-10 15:35:39,6181656,6916615,2.6776609,11.2343,1.1368,26.66629,150.7,7.08
$2022-03-10 15:35:41,6181255,6915680,2.6848125,13.1824,1.07271,26.69299,150.7,7.08
$2022-03-10 15:35:43,6180839,6914663,2.6928892,14.9062,1.1368,26.70635,150.7,7.08
$2022-03-10 15:35:45,6180432,6913742,2.6997519,12.6769,1.15358,26.70635,150.7,7.08
$2022-03-10 15:35:47,6180015,6912815,2.7064953,12.4348,1.07271,26.69299,150.7,7.08
$2022-03-10 15:35:49,6179604,6911881,2.7134438,12.787,1.08949,26.70635,151,7.08
$2022-03-10 15:35:53,6178703,6909778,2.7294111,12.9525,1.07576,26.73572,150.7,7.08
$2022-03-10 15:35:55,6178286,6908796,2.7369585,13.9272,1.1368,26.73572,150.7,7.08
$2022-03-10 15:35:57,6177887,6907902,2.7435522,12.1652,1.10781,26.74907,150.7,7.08
$2022-03-10 15:35:59,6177482,6906928,2.7511787,14.0752,1.05745,26.74907,150.7,7.08
$2022-03-10 15:36:01,6177067,6905888,2.7596292,15.576,1.12154,26.74907,150.7,7.08
$2022-03-10 15:36:03,6176686,6904923,2.76752,14.5816,1.13985,26.77844,150.7,7.08
$2022-03-10 15:36:05,6176273,6903836,2.7766886,16.916,1.12154,26.74907,150.7,7.08
$2022-03-10 15:36:07,6175890,6902719,2.7867346,18.5299,1.13985,26.74907,150.7,7.08
$2022-03-10 15:36:09,6175492,6901627,2.7962475,17.5003,1.09102,26.79179,151,7.09
$2022-03-10 15:36:11,6175080,6900553,2.8052006,16.5623,1.04067,26.76509,150.7,7.08
$2022-03-10 15:36:13,6174681,6899541,2.8135204,15.357,1.09102,26.77844,150.7,7.08
$2022-03-10 15:36:15,6174306,6898617,2.8209085,13.6248,1.10933,26.80515,150.7,7.08
$2022-03-10 15:36:17,6173912,6897688,2.8281021,13.2591,1.09407,26.80515,151,7.08
$2022-03-10 15:36:19,6173531,6896787,2.8350821,12.87,1.15511,26.79179,151,7.08
$2022-03-10 15:36:21,6173140,6895916,2.8414965,11.8192,1.05898,26.82117,151,7.08
$2022-03-10 15:36:23,6172747,6895029,2.8480701,12.0524,1.09102,26.79179,150.7,7.08
$2022-03-10 15:36:25,6172368,6894146,2.8548298,12.4874,1.04372,26.82117,150.7,7.08
$2022-03-10 15:36:27,6171972,6893209,2.8621149,13.3454,1.10933,26.83452,151,7.08
$2022-03-10 15:36:29,6171609,6892258,2.8701172,14.7839,1.09407,26.84787,150.7,7.08
$2022-03-10 15:36:31,6171230,6891265,2.8784781,15.397,1.12306,26.83452,151,7.08
$2022-03-10 15:36:33,6170844,6890187,2.887949,17.4658,1.10933,26.83452,151,7.08
$2022-03-10 15:36:35,6170448,6889069,2.8978577,18.2502,1.02998,26.84787,151,7.08
$2022-03-10 15:36:37,6170077,6887992,2.907547,17.8649,1.04372,26.86122,151,7.08
$2022-03-10 15:36:39,6169690,6886935,2.9167023,16.8262,1.06203,26.86122,150.7,7.08
$2022-03-10 15:36:41,6169315,6885950,2.9250259,15.2615,1.07729,26.84787,150.7,7.08
$2022-03-10 15:36:43,6168929,6885038,2.932086,12.9334,1.09407,26.86122,150.7,7.08
$2022-03-10 15:36:45,6168543,6884107,2.9394445,13.5046,1.07729,26.89059,150.7,7.08
$2022-03-10 15:36:47,6168164,6883242,2.9459524,12.025,1.07729,26.89059,150.7,7.08
$2022-03-10 15:36:49,6167777,6882339,2.952878,12.7956,1.11238,26.87724,150.7,7.09
$2022-03-10 15:36:51,6167397,6881455,2.9596567,12.3898,1.06203,26.89059,151,7.08
$2022-03-10 15:37:30,6161147,6870673,2.9623556,38.1191,2.41856,26.9173,166.5,7.04
$2022-03-10 15:37:32,6161186,6870471,2.9790678,30.7678,2.0798,26.90395,151,7.04
$2022-03-10 15:37:34,6161353,6870204,2.9937181,27.0844,1.84024,26.93332,151,7.04
$2022-03-10 15:37:36,6161524,6869911,3.0060673,21.6832,1.6083,26.87724,150.3,7.04
$2022-03-10 15:37:38,6161720,6869667,3.0166492,7.3042,1.49844,26.90395,150.7,7.06
$2022-03-10 15:37:43,6162171,6868983,3.0368252,37.128,1.30465,26.89059,151,7.08
$2022-03-10 15:37:45,6162352,6868808,3.0445356,14.2554,1.30465,26.87724,150.7,7.08
$2022-03-10 15:37:47,6162513,6868546,3.0527353,15.1171,1.19173,26.86122,151,7.08
$2022-03-10 15:37:49,6162678,6868327,3.0600853,13.6049,1.22225,26.87724,150.7,7.08
$2022-03-10 15:37:51,6162847,6868066,3.0678797,14.3801,1.15969,26.89059,151,7.08
$2022-03-10 15:37:53,6162998,6867786,3.075428,13.9346,1.24056,26.87724,151,7.08
$2022-03-10 15:37:55,6163147,6867482,3.0831938,14.3287,1.17647,26.87724,151,7.08
$2022-03-10 15:37:57,6163276,6867112,3.0914106,15.1771,1.14137,26.84787,151,7.08
$2022-03-10 15:37:59,6163368,6866737,3.0990362,14.0651,1.07729,26.87724,151,7.08
$2022-03-10 15:38:01,6163458,6866404,3.1059456,12.7523,1.15816,26.87724,151,7.08
$2022-03-10 15:38:03,6163538,6866072,3.1126347,12.3497,1.04524,26.89059,151,7.08
$2022-03-10 15:38:05,6163578,6865710,3.119051,11.8754,1.11238,26.89059,150.7,7.08
$2022-03-10 15:38:07,6163604,6865387,3.1246176,10.2761,1.14443,26.90395,151,7.08
$2022-03-10 15:38:09,6163633,6865036,3.1306086,11.0674,1.15969,26.90395,151,7.08
$2022-03-10 15:38:11,6163640,6864671,3.1364202,10.7183,1.0956,26.90395,151,7.08
$2022-03-10 15:38:13,6163610,6864288,3.14184,10.0091,1.08034,26.90395,151,7.08
$2022-03-10 15:38:15,6163548,6863857,3.1474524,10.3713,1.12764,26.93332,151,7.08
$2022-03-10 15:38:17,6163466,6863380,3.1533489,10.9058,1.14443,26.90395,150.7,7.08
$2022-03-10 15:38:19,6163370,6862883,3.1593056,11.0223,1.0956,26.9173,150.7,7.08
$2022-03-10 15:38:21,6163273,6862329,3.1660509,12.4759,1.11238,26.9173,150.7,7.08
$2022-03-10 15:38:23,6163167,6861755,3.1729279,12.7533,1.0956,26.9173,150.7,7.08
$2022-03-10 15:38:25,6163038,6861178,3.1794605,12.0492,1.0956,26.9173,151,7.08
$2022-03-10 15:38:27,6162871,6860568,3.1858587,11.7599,1.12764,26.94667,150.7,7.08
$2022-03-10 15:38:29,6162709,6859962,3.1976805,21.7964,1.06355,26.93332,150.7,7.08
$2022-03-10 15:38:31,6162531,6859292,3.2045622,12.6887,1.04524,26.93332,151,7.08
$2022-03-10 15:38:33,6162333,6858648,3.2107544,11.4131,1.0956,26.93332,150.7,7.08
$2022-03-10 15:38:35,6162119,6858000,3.2167606,11.0255,1.09865,26.96002,150.7,7.08
$2022-03-10 15:38:37,6161905,6857237,3.2244158,14.2129,1.06355,26.96002,150.7,7.08
$2022-03-10 15:38:39,6161698,6856388,3.2334967,16.7153,1.09865,26.97337,150.7,7.08
$2022-03-10 15:38:41,6161467,6855501,3.2427092,16.9066,1.08034,26.97337,151,7.08
$2022-03-10 15:38:43,6161222,6854573,3.2523041,17.6889,1.03456,26.97337,150.7,7.08
$2022-03-10 15:38:45,6160968,6853720,3.2606726,15.346,1.14443,26.97337,151,7.08
$2022-03-10 15:38:47,6160716,6852901,3.2685776,14.5673,1.09865,26.9894,150.7,7.08
$2022-03-10 15:38:49,6160456,6852147,3.2754345,12.6761,1.11391,26.9894,151,7.08
$2022-03-10 15:38:54,6159827,6850473,3.2897034,11.4639,1.01778,27.00275,150.7,7.08
$2022-03-10 15:38:56,6159508,6849664,3.2963877,12.3567,1.06355,26.9894,150.7,7.08
$2022-03-10 15:38:58,6159208,6848928,3.3023348,11.0228,1.06661,27.04547,150.7,7.08
$2022-03-10 15:39:00,6158927,6848219,3.3082161,10.8939,1.04829,27.0161,150.7,7.08
$2022-03-10 15:39:02,6158621,6847428,3.3148851,12.2973,1.01778,27.04547,151,7.08
$2022-03-10 15:39:04,6158328,6846638,3.3217182,12.6785,1.04982,27.02945,150.7,7.08
$2022-03-10 15:39:06,6158018,6845773,3.3293867,14.2082,1.03609,27.04547,150.7,7.08
$2022-03-10 15:39:08,6157705,6844939,3.3365574,13.2938,1.00252,27.02945,150.7,7.08
$2022-03-10 15:39:10,6157394,6844141,3.343257,12.4217,1.02083,27.07217,150.7,7.08
$2022-03-10 15:39:12,6157055,6843295,3.3501749,12.7889,1.04982,27.05882,151,7.08
$2022-03-10 15:39:14,6156772,6842449,3.3580265,14.532,1.04982,27.04547,151,7.08
$2022-03-10 15:39:16,6156457,6841630,3.3649569,12.845,1.08492,27.0882,150.7,7.08
$2022-03-10 15:39:18,6156128,6840750,3.3725414,14.0227,1.08492,27.07217,151,7.08
$2022-03-10 15:39:20,6155822,6839899,3.3801203,14.0702,1.03609,27.0882,150.7,7.08
$2022-03-10 15:39:22,6155498,6839079,3.3868828,12.505,1.02083,27.07217,151,7.08
$2022-03-10 15:39:24,6155198,6838192,3.3950825,15.1845,1.06661,27.07217,150.7,7.08
$2022-03-10 15:39:26,6154862,6837242,3.4036112,15.8277,1.02083,27.1149,150.7,7.08
$2022-03-10 15:39:28,6154529,6836275,3.4124031,16.254,1.03609,27.0882,151,7.08
$2022-03-10 15:39:30,6154206,6835326,3.4211159,16.1088,1.02083,27.0882,151,7.08
$2022-03-10 15:39:32,6153892,6834408,3.4295101,15.5809,1.03914,27.1149,150.7,7.08
$2022-03-10 15:39:34,6153574,6833547,3.4370441,13.9375,1.06813,27.12825,151,7.08
$2022-03-10 15:39:36,6153237,6832656,3.4447107,14.1824,1.03914,27.14427,151,7.08
$2022-03-10 15:39:38,6152906,6831829,3.4515152,12.5873,1.02083,27.1149,151,7.08
$2022-03-10 15:39:40,6152574,6831016,3.4580956,12.2203,1.06813,27.14427,150.7,7.08
$2022-03-10 15:39:42,6152267,6830184,3.4653759,13.5035,1.03914,27.14427,150.7,7.08
$2022-03-10 15:39:44,6151941,6829403,3.471571,11.3933,1.00404,27.12825,150.7,7.08
$2022-03-10 15:39:46,6151612,6828598,3.478097,12.0773,1.03914,27.15762,151,7.08
$2022-03-10 15:39:48,6151259,6827790,3.4843054,11.4443,1.06813,27.15762,151,7.08
$2022-03-10 15:39:50,6150908,6827046,3.4895678,9.7481,1.02235,27.17098,151,7.08
$2022-03-10 15:39:52,6150614,6826252,3.4965219,12.9073,1.08644,27.17098,150.7,7.08
$2022-03-10 15:39:56,6149879,6824481,3.5106201,11.5208,1.03914,27.17098,151,7.08
$2022-03-10 15:39:58,6149532,6823663,3.5170183,11.8705,1.05287,27.18433,151,7.08
$2022-03-10 15:40:00,6149252,6822898,3.5237455,12.4958,1.02235,27.18433,150.7,7.08
$2022-03-10 15:40:02,6148893,6822069,3.5301428,11.7498,1.0544,27.20302,151,7.08
$2022-03-10 15:40:04,6148558,6821185,3.537735,13.9847,1.0071,27.22972,151,7.08
$2022-03-10 15:40:06,6148228,6820374,3.5443554,12.2644,1.0071,27.21637,151,7.08
$2022-03-10 15:40:08,6147889,6819571,3.5506582,11.6704,1.07118,27.17098,151,7.08
$2022-03-10 15:40:10,6147548,6818730,3.5575485,12.7945,1.02235,27.20302,150.7,7.08
$2022-03-10 15:40:12,6147230,6817924,3.5642614,12.4324,0.99031,27.22972,151,7.08
$2022-03-10 15:40:14,6146908,6817017,3.5724449,15.0628,1.0544,27.24307,151,7.08
$2022-03-10 15:40:16,6146594,6816078,3.5811701,16.1155,1.04067,27.22972,150.7,7.08
$2022-03-10 15:40:18,6146273,6815217,3.5886593,13.8982,1.02541,27.24307,150.7,7.08
$2022-03-10 15:40:20,6145940,6814358,3.5959435,13.454,1.08949,27.25909,150.7,7.08
$2022-03-10 15:40:22,6145638,6813570,3.6026468,12.3588,1.07271,27.25909,150.7,7.08
$2022-03-10 15:40:24,6145324,6812754,3.6096315,12.9314,1.0544,27.25909,151,7.08
$2022-03-10 15:40:26,6144985,6811966,3.6157522,11.3819,1.07118,27.24307,150.7,7.08
$2022-03-10 15:40:28,6144680,6811236,3.621563,10.712,1.08949,27.27245,151,7.08
$2022-03-10 15:40:30,6144331,6810437,3.6277094,11.3329,1.08949,27.27245,150.7,7.08
$2022-03-10 15:40:32,6143995,6809656,3.6338091,11.321,1.07271,27.27245,150.7,7.08
$2022-03-10 15:40:34,6143708,6808912,3.6401596,11.8005,1.04372,27.2858,150.7,7.08
$2022-03-10 15:40:36,6143416,6808144,3.6467533,12.1906,0.97505,27.2858,150.7,7.08
$2022-03-10 15:40:38,6143088,6807337,3.6533203,12.1905,1.05745,27.2858,150.7,7.08
$2022-03-10 15:40:40,6142786,6806589,3.6594782,11.3381,1.04372,27.2858,151,7.08
$2022-03-10 15:40:42,6142449,6805775,3.6660442,12.1346,1.07271,27.31518,150.7,7.08
$2022-03-10 15:40:44,6142135,6804961,3.6729593,12.7546,1.02693,27.30183,150.7,7.08
$2022-03-10 15:40:46,6141809,6804200,3.6789246,11.0714,0.96284,27.30183,150.7,7.08
$2022-03-10 15:40:48,6141486,6803376,3.6858454,12.7821,1.02693,27.31518,151,7.08
$2022-03-10 15:40:50,6141175,6802593,3.6923637,11.9867,1.00862,27.31518,151,7.08
$2022-03-10 15:40:52,6140896,6801832,3.6990862,12.0851,1.04372,27.32853,151,7.08
$2022-03-10 15:40:54,6140563,6800999,3.7059937,12.7268,1.04372,27.34188,150.7,7.08
$2022-03-10 15:40:59,6139845,6799189,3.7210121,12.3351,0.99336,27.34188,150.7,7.08
$2022-03-10 15:41:01,6139534,6798388,3.7277918,12.4504,1.01167,27.3579,151,7.08
$2022-03-10 15:41:03,6139248,6797620,3.7345324,12.5262,0.96284,27.3579,150.7,7.08
$2022-03-10 15:41:05,6138948,6796773,3.7421751,14.2095,1.04372,27.3579,151,7.08
$2022-03-10 15:41:07,6138625,6795845,3.7506151,15.631,1.01167,27.3579,150.7,7.08
$2022-03-10 15:41:09,6138244,6795028,3.7565031,10.9553,0.99489,27.38461,150.7,7.08
$2022-03-10 15:41:11,6135270,6790205,3.7791471,42.1919,0.97658,27.37125,150.3,7.08
$2022-03-10 15:41:13,6131577,6786993,3.766326,-23.9648,2.35294,27.37125,150,7.08
$2022-03-10 15:41:15,6130407,6785941,3.7628126,-6.561,7.30602,27.37125,150,7.08
$2022-03-10 15:41:17,6129676,6785234,3.7613821,-2.6676,11.12993,27.39796,150.3,7.08
$2022-03-10 15:41:19,6129086,6784621,3.7608805,-0.937,13.47829,27.39796,150,7.08
$2022-03-10 15:41:21,6128614,6784122,3.7606173,-0.4899,15.06676,27.41398,150,7.08
$2022-03-10 15:41:23,6128177,6783657,3.7604122,-0.3836,16.03265,27.41398,150,7.08
$2022-03-10 15:41:25,6127776,6783213,3.760479,0.125,16.68269,27.41398,149.6,7.08
$2022-03-10 15:41:27,6127385,6782790,3.7603998,-0.148,17.18929,27.39796,150,7.08
$2022-03-10 15:41:29,6126997,6782367,3.7603731,-0.0499,17.52041,27.41398,150,7.08
$2022-03-10 15:41:31,6126639,6781977,3.7603598,-0.0249,17.7615,27.44068,150,7.08
$2022-03-10 15:41:33,6126288,6781532,3.7612696,1.647,17.90494,27.42733,150,7.08
$2022-03-10 15:41:35,6125929,6781157,3.7610388,-0.4288,18.07736,27.44068,150,7.08
$2022-03-10 15:41:37,6125607,6780756,3.7617769,1.3668,18.17349,27.44068,150,7.08
$2022-03-10 15:41:39,6125260,6780348,3.7621861,0.7654,18.23453,27.42733,149.6,7.08
$2022-03-10 15:41:41,6124928,6779966,3.7624826,0.5559,18.34897,27.45403,149.6,7.08
$2022-03-10 15:41:43,6124613,6779611,3.762641,0.2948,18.44358,27.44068,149.6,7.08
$2022-03-10 15:41:45,6124284,6779228,3.7630167,0.7032,18.44511,27.48341,149.6,7.08
$2022-03-10 15:41:47,6123963,6778835,3.7636366,1.1576,18.5687,27.45403,150,7.08
$2022-03-10 15:41:49,6123623,6778469,3.7635441,-0.1727,18.55344,27.45403,149.6,7.08
$2022-03-10 15:41:51,6123324,6778140,3.7635965,0.0984,18.6038,27.48341,149.6,7.08
$2022-03-10 15:41:53,6123026,6777769,3.7642956,1.3026,18.69688,27.45403,149.6,7.08
$2022-03-10 15:41:55,6122712,6777415,3.7644472,0.2817,18.68315,27.48341,149.6,7.08
$2022-03-10 15:41:57,6122397,6777063,3.7645531,0.1971,18.74723,27.49676,149.6,7.08
$2022-03-10 15:42:01,6121676,6776270,3.7645664,0.011,18.77928,27.49676,149.6,7.08
$2022-03-10 15:42:03,6121388,6775902,3.765377,1.5065,18.81132,27.52613,149.6,7.08
$2022-03-10 15:42:05,6121051,6775539,3.7652979,-0.1481,18.86015,27.52613,149.6,7.08
$2022-03-10 15:42:07,6120769,6775219,3.7654829,0.3453,18.82506,27.49676,149.6,7.08
$2022-03-10 15:42:09,6120448,6774833,3.7660227,1.0017,18.87541,27.52613,149.6,7.08
$2022-03-10 15:42:11,6120152,6774491,3.7662935,0.5069,18.9395,27.52613,149.6,7.08
$2022-03-10 15:42:13,6119853,6774160,3.7663717,0.146,18.87541,27.52613,150,7.08
$2022-03-10 15:42:15,6119544,6773806,3.7666359,0.4928,18.84642,27.55283,150,7.08
$2022-03-10 15:42:17,6119253,6773492,3.7666035,-0.0607,18.92424,27.53948,149.6,7.08
$2022-03-10 15:42:19,6118966,6773150,3.7670183,0.7771,18.98833,27.56618,149.6,7.08
$2022-03-10 15:42:21,6118670,6772798,3.7674599,0.8273,18.9395,27.52613,149.6,7.08
$2022-03-10 15:42:23,6118362,6772472,3.7673082,-0.284,18.97154,27.56618,149.6,7.08
$2022-03-10 15:42:25,6118060,6772127,3.767539,0.4315,19.02037,27.55283,149.6,7.08
$2022-03-10 15:42:27,6117766,6771805,3.7675657,0.0501,19.06767,27.56618,149.6,7.08
$2022-03-10 15:42:29,6117469,6771481,3.7675724,0.0125,19.00359,27.56618,149.6,7.08
$2022-03-10 15:42:31,6117181,6771139,3.7680006,0.8022,19.06767,27.58221,149.6,7.08
$2022-03-10 15:42:33,6116904,6770796,3.7685938,1.1071,19.03868,27.56618,150,7.08
$2022-03-10 15:42:35,6116630,6770491,3.7686796,0.1597,19.05241,27.58221,149.6,7.08
$2022-03-10 15:42:37,6116356,6770172,3.7689962,0.5882,19.03868,27.59556,149.6,7.08
$2022-03-10 15:42:39,6116089,6769863,3.7692537,0.4827,18.98833,27.56618,149.6,7.08
$2022-03-10 15:42:41,6115809,6769533,3.7696285,0.6822,19.00664,27.58221,149.6,7.08
$2022-03-10 15:42:43,6115527,6769218,3.7697277,0.1862,18.92577,27.58221,149.6,7.08
$2022-03-10 15:42:45,6115242,6768900,3.769846,0.2214,18.97459,27.60891,149.6,7.08
$2022-03-10 15:42:47,6114954,6768568,3.7700968,0.4697,18.91051,27.60891,149.6,7.08
$2022-03-10 15:42:49,6114674,6768228,3.7706175,0.9741,18.98985,27.59556,149.6,7.08
$2022-03-10 15:42:51,6114412,6767906,3.7711515,0.9997,18.91051,27.59556,149.6,7.08
$2022-03-10 15:42:53,6114129,6767594,3.7711916,0.075,18.96086,27.62493,149.6,7.08
$2022-03-10 15:42:55,6113824,6767265,3.7711449,-0.0875,18.98985,27.60891,149.6,7.08
$2022-03-10 15:42:57,6113535,6766936,3.7713556,0.3943,19.0219,27.60891,149.6,7.08
$2022-03-10 15:42:59,6113249,6766603,3.7716331,0.5197,18.98985,27.60891,149.6,7.08
$2022-03-10 15:43:38,6109742,6761835,3.7276802,35.0889,17.32662,27.63829,164.1,7.04
$2022-03-10 15:43:40,6109690,6761977,3.738759,20.4619,18.02396,27.62493,151.3,7.04
$2022-03-10 15:43:42,6109787,6762155,3.7462368,13.7634,18.33982,27.60891,151,7.04
$2022-03-10 15:43:44,6109914,6762351,3.75107,8.5876,18.57633,27.56618,151,7.04
$2022-03-10 15:43:46,6110106,6762611,3.754446,2.3459,18.71824,27.59556,150.7,7.06
$2022-03-10 15:43:51,6110675,6763297,3.7566814,4.1308,18.84642,27.56618,150.7,7.08
$2022-03-10 15:43:53,6110916,6763578,3.7588568,4.0433,18.87846,27.56618,150.7,7.08
$2022-03-10 15:43:55,6111151,6763819,3.760973,3.9292,18.88914,27.52613,150.7,7.08
$2022-03-10 15:43:57,6111383,6764121,3.7618494,1.6308,18.86015,27.52613,150.7,7.08
$2022-03-10 15:43:59,6111610,6764384,3.7629766,2.0962,18.87846,27.56618,150.7,7.08
$2022-03-10 15:44:01,6111849,6764674,3.7637024,1.3452,18.90746,27.53948,151,7.08
$2022-03-10 15:44:03,6112054,6764892,3.7647705,1.9856,18.90746,27.55283,150.7,7.08
$2022-03-10 15:44:05,6112244,6765118,3.765357,1.0882,18.97154,27.55283,151,7.08
$2022-03-10 15:44:07,6112423,6765326,3.7659369,1.0764,18.97002,27.53948,151,7.08
$2022-03-10 15:44:09,6112598,6765503,3.7668142,1.625,19.09972,27.56618,151,7.08
$2022-03-10 15:44:11,6112754,6765698,3.7670317,0.4043,19.04936,27.52613,150.7,7.08
$2022-03-10 15:44:13,6112868,6765841,3.7672949,0.4884,19.04936,27.55283,151,7.08
$2022-03-10 15:44:15,6112975,6765969,3.7676115,0.5843,19.13024,27.55283,151,7.08
$2022-03-10 15:44:17,6113076,6766124,3.7673674,-0.4496,19.09819,27.53948,151,7.08
$2022-03-10 15:44:19,6113136,6766180,3.7679148,1.0176,19.06767,27.56618,150.7,7.08
$2022-03-10 15:44:21,6113207,6766214,3.7689171,1.8625,19.03868,27.58221,151,7.08
$2022-03-10 15:44:23,6113214,6766220,3.7692728,0.6617,19.00359,27.56618,151,7.08
$2022-03-10 15:44:25,6113216,6766219,3.7696161,0.6348,18.94255,27.56618,151,7.08
$2022-03-10 15:44:27,6113223,6766222,3.7699718,0.6604,18.98833,27.58221,151,7.08
$2022-03-10 15:44:29,6113219,6766220,3.7701826,0.3905,18.89219,27.55283,151,7.08
$2022-03-10 15:44:31,6113164,6766142,3.7706976,0.9503,18.84642,27.58221,150.7,7.08
$2022-03-10 15:44:33,6113101,6766061,3.7710857,0.7182,18.89372,27.59556,150.7,7.08
$2022-03-10 15:44:35,6113006,6765959,3.7712574,0.3196,18.86473,27.62493,150.7,7.08
$2022-03-10 15:44:37,6112916,6765848,3.7774477,11.4573,18.78386,27.60891,150.7,7.08
$2022-03-10 15:44:39,6112782,6765713,3.7772427,-0.3769,18.78386,27.60891,151,7.08
$2022-03-10 15:44:41,6112676,6765548,3.7779217,1.263,18.8159,27.60891,150.7,7.08
$2022-03-10 15:44:43,6112540,6765403,3.7778292,-0.1706,18.84794,27.60891,150.7,7.08
$2022-03-10 15:44:45,6112407,6765235,3.7781324,0.5623,18.83269,27.60891,150.7,7.08
$2022-03-10 15:44:47,6112215,6765025,3.7781124,-0.037,18.84794,27.60891,150.7,7.08
$2022-03-10 15:44:49,6112033,6764827,3.7780733,-0.0726,18.83269,27.60891,150.7,7.08
$2022-03-10 15:44:51,6111854,6764619,3.7782516,0.3291,18.92882,27.62493,151,7.08
$2022-03-10 15:44:53,6111684,6764420,3.7784624,0.3911,18.91203,27.65164,151,7.08
$2022-03-10 15:44:55,6111480,6764198,3.7784357,-0.0495,18.98985,27.62493,151,7.08
$2022-03-10 15:44:57,6111266,6763954,3.7786007,0.3067,18.96086,27.63829,150.7,7.08
$2022-03-10 15:45:02,6110810,6763430,3.7789364,0.2738,18.97612,27.65164,150.7,7.08
$2022-03-10 15:45:04,6110568,6763176,3.7787724,-0.3018,18.9929,27.65164,151,7.08
$2022-03-10 15:45:06,6110354,6762936,3.7788906,0.2202,18.97612,27.66499,150.7,7.08
$2022-03-10 15:45:08,6110116,6762685,3.7787323,-0.2936,18.9929,27.63829,151,7.08
$2022-03-10 15:45:10,6109896,6762403,3.7793789,1.2021,18.96239,27.68101,150.7,7.08
$2022-03-10 15:45:12,6109669,6762164,3.7792664,-0.2086,18.96544,27.69437,151,7.08
$2022-03-10 15:45:14,6109439,6761892,3.779603,0.6261,19.02647,27.68101,150.7,7.08
$2022-03-10 15:45:16,6109191,6761636,3.7793722,-0.4283,19.02647,27.68101,151,7.08
$2022-03-10 15:45:18,6108963,6761364,3.7797537,0.7076,18.94713,27.68101,151,7.08
$2022-03-10 15:45:20,6108698,6761091,3.7795038,-0.4623,18.93034,27.69437,151,7.08
$2022-03-10 15:45:22,6108458,6760812,3.7797747,0.5033,18.91661,27.70772,151,7.08
$2022-03-10 15:45:24,6108203,6760534,3.7797747,0,18.85252,27.72107,150.7,7.08
$2022-03-10 15:45:26,6107952,6760216,3.7804394,1.2223,18.86931,27.70772,151,7.08
$2022-03-10 15:45:28,6107694,6759937,3.7804203,-0.0355,18.82048,27.72107,150.7,7.08
$2022-03-10 15:45:30,6107433,6759616,3.780941,0.9685,18.82048,27.72107,150.7,7.08
$2022-03-10 15:45:32,6107172,6759317,3.7811642,0.4151,18.80522,27.70772,150.7,7.08
$2022-03-10 15:45:34,6106950,6759041,3.7816916,0.9787,18.85252,27.72107,151,7.08
$2022-03-10 15:45:36,6106670,6758725,3.7818499,0.2936,18.80522,27.72107,151,7.08
$2022-03-10 15:45:38,6106394,6758434,3.7816725,-0.3298,18.80522,27.72107,150.7,7.08
$2022-03-10 15:45:40,6106143,6758156,3.7817316,0.1097,18.85557,27.73709,151,7.08
$2022-03-10 15:45:42,6105870,6757862,3.7816916,-0.0745,18.75944,27.73709,150.7,7.08
$2022-03-10 15:45:44,6105609,6757567,3.7818375,0.2711,18.74266,27.75044,150.7,7.08
$2022-03-10 15:45:46,6105343,6757282,3.7817707,-0.1236,18.80675,27.75044,151,7.08
$2022-03-10 15:45:48,6105088,6756977,3.7821865,0.773,18.77775,27.76646,151,7.08
$2022-03-10 15:45:50,6104819,6756680,3.782239,0.0977,18.80675,27.76646,150.7,7.08
$2022-03-10 15:45:52,6104573,6756382,3.7827005,0.8485,18.80675,27.76646,151,7.08
$2022-03-10 15:45:54,6104298,6756090,3.7825947,-0.1966,18.77775,27.76646,150.7,7.08
$2022-03-10 15:45:56,6104031,6755786,3.7827663,0.3196,18.79301,27.76646,150.7,7.08
$2022-03-10 15:45:58,6103763,6755492,3.7827988,0.0601,18.7274,27.75044,151,7.08
$2022-03-10 15:46:00,6103494,6755197,3.7828264,0.0511,18.79301,27.79584,151,7.08
$2022-03-10 15:46:04,6102927,6754521,3.7836037,0.6329,18.74571,27.77982,151,7.08
$2022-03-10 15:46:06,6102635,6754186,3.7838478,0.4504,18.77928,27.80919,150.7,7.08
$2022-03-10 15:46:08,6102365,6753899,3.783762,-0.1592,18.71519,27.80919,151,7.08
$2022-03-10 15:46:10,6102103,6753612,3.7837944,0.0603,18.71824,27.83589,150.7,7.08
$2022-03-10 15:46:12,6101831,6753283,3.784296,0.93,18.76402,27.82254,151,7.08
$2022-03-10 15:46:14,6101570,6753004,3.7842035,-0.1717,18.74723,27.82254,151,7.08
$2022-03-10 15:46:16,6101297,6752668,3.78477,1.0512,18.73198,27.83589,151,7.08
$2022-03-10 15:46:18,6101038,6752376,3.7849016,0.2432,18.72892,27.80919,150.7,7.08
$2022-03-10 15:46:20,6100784,6752068,3.7853966,0.9198,18.77928,27.83589,150.7,7.08
$2022-03-10 15:46:22,6100517,6751791,3.7851925,-0.3789,18.74723,27.82254,151,7.08
$2022-03-10 15:46:24,6100223,6751461,3.7853107,0.2179,18.70146,27.83589,151,7.08
$2022-03-10 15:46:26,6099969,6751181,3.7853365,0.0477,18.70146,27.83589,150.7,7.08
$2022-03-10 15:46:28,6099702,6750877,3.7855215,0.3426,18.76402,27.83589,151,7.08
$2022-03-10 15:46:30,6099460,6750587,3.7859306,0.7618,18.76402,27.85191,150.7,7.08
$2022-03-10 15:46:32,6099202,6750268,3.7864771,1.0076,18.74723,27.85191,150.7,7.08
$2022-03-10 15:46:34,6098931,6749972,3.7864771,0,18.74723,27.85191,151,7.08
$2022-03-10 15:46:36,6098686,6749690,3.7867279,0.4666,18.76554,27.86526,150.7,7.08
$2022-03-10 15:46:38,6098413,6749407,3.7865105,-0.4024,18.75029,27.87862,151.3,7.08
$2022-03-10 15:46:40,6098154,6749107,3.7867804,0.5,18.78233,27.86526,150.7,7.08
$2022-03-10 15:46:42,6097898,6748804,3.7871361,0.6546,18.71824,27.86526,151,7.08
$2022-03-10 15:46:44,6097636,6748533,3.786932,-0.3783,18.75029,27.87862,151,7.08
$2022-03-10 15:46:46,6097378,6748225,3.7873077,0.6956,18.74723,27.86526,151,7.08
$2022-03-10 15:46:48,6097111,6747931,3.7873411,0.0619,18.7335,27.87862,150.7,7.08
$2022-03-10 15:46:50,6096854,6747647,3.7873936,0.0963,18.7335,27.87862,151,7.08
$2022-03-10 15:46:52,6096595,6747350,3.787611,0.4035,18.7335,27.89464,151,7.08
$2022-03-10 15:46:54,6096333,6747066,3.7875776,-0.0622,18.71977,27.89464,150.7,7.08
$2022-03-10 15:46:56,6096054,6746773,3.7874269,-0.2804,18.7686,27.90799,150.7,7.08
$2022-03-10 15:46:58,6095786,6746474,3.7875252,0.1821,18.7686,27.90799,151,7.08
$2022-03-10 15:47:00,6095527,6746176,3.7877493,0.4159,18.78386,27.90799,151,7.08
$2022-03-10 15:47:02,6095272,6745874,3.7881117,0.6722,18.76554,27.89464,151,7.08
$2022-03-10 15:47:07,6094710,6745227,3.7885408,0.3488,18.75029,27.89464,151,7.08
$2022-03-10 15:47:09,6094459,6744940,3.7887115,0.3151,18.81437,27.92134,150.7,7.08
$2022-03-10 15:47:11,6094197,6744668,3.7885141,-0.3666,18.7686,27.95071,151,7.08
$2022-03-10 15:47:13,6093979,6744407,3.7888699,0.6354,18.70604,27.93469,151,7.08
$2022-03-10 15:47:15,6093713,6744111,3.788949,0.1469,18.69078,27.93469,151,7.08
$2022-03-10 15:47:17,6093439,6743798,3.7891531,0.3793,18.62669,27.95071,151,7.08
$2022-03-10 15:47:19,6093180,6743536,3.7888498,-0.5612,18.69078,27.95071,151.3,7.08
$2022-03-10 15:47:21,6092940,6743279,3.7887707,-0.1468,18.6099,27.92134,151,7.08
$2022-03-10 15:47:23,6092699,6743009,3.7888632,0.1713,18.62821,27.96407,151,7.08
$2022-03-10 15:47:25,6092427,6742671,3.7894897,1.1671,18.6099,27.95071,150.7,7.08
$2022-03-10 15:47:27,6092177,6742388,3.7896414,0.2815,18.645,27.97742,150.7,7.08
$2022-03-10 15:47:29,6091936,6742129,3.789588,-0.0991,18.59464,27.96407,150.7,7.08
$2022-03-10 15:47:31,6091686,6741860,3.7895555,-0.0604,18.57786,27.97742,150.7,7.08
$2022-03-10 15:47:33,6091442,6741582,3.7897196,0.3029,18.62821,27.99077,151,7.08
$2022-03-10 15:47:35,6091200,6741335,3.7894897,-0.4242,18.645,27.97742,150.7,7.08
$2022-03-10 15:47:37,6090947,6741025,3.7900038,0.9504,18.62821,27.99077,150.7,7.08
$2022-03-10 15:47:39,6090702,6740747,3.7901487,0.268,18.61296,27.97742,150.7,7.08
$2022-03-10 15:47:41,6090468,6740483,3.7902737,0.2229,18.59617,27.97742,150.7,7.08
$2022-03-10 15:47:43,6090186,6740170,3.7903662,0.1721,18.55039,28.02014,150.7,7.08
$2022-03-10 15:47:45,6089923,6739878,3.7904387,0.1336,18.51835,28.00679,150.7,7.08
$2022-03-10 15:47:47,6089692,6739640,3.7902613,-0.3298,18.56718,28.02014,150.7,7.08
$2022-03-10 15:47:49,6089445,6739355,3.7904787,0.4021,18.53208,27.99077,151,7.08
$2022-03-10 15:47:51,6089219,6739081,3.790906,0.7956,18.55039,28.02014,150.7,7.08
$2022-03-10 15:47:53,6088972,6738826,3.7907019,-0.3794,18.51835,28.02014,150.7,7.08
$2022-03-10 15:47:55,6088732,6738529,3.7912359,0.9922,18.55344,28.03349,151,7.08
$2022-03-10 15:47:57,6088502,6738305,3.7908468,-0.7224,18.61448,28.02014,150.7,7.08
$2022-03-10 15:47:59,6088244,6738025,3.7908268,-0.0372,18.64653,28.03349,150.7,7.08
$2022-03-10 15:48:01,6088045,6737721,3.792119,2.3993,18.61448,28.04684,151,7.08
$2022-03-10 15:48:03,6088870,6738705,3.7911234,-1.825,18.58244,28.03349,151.7,7.08
$2022-03-10 15:48:05,6090006,6739474,3.7984667,13.4845,16.7422,28.06287,151.7,7.08
$2022-03-10 15:48:09,6090744,6739530,3.8098202,9.2168,9.7322,28.06287,151.7,7.08
$2022-03-10 15:48:11,6090769,6739304,3.8136749,7.1183,7.89197,28.07622,151.7,7.08
$2022-03-10 15:48:13,6090772,6739014,3.8180838,8.174,6.64683,28.06287,151.3,7.08
$2022-03-10 15:48:15,6090713,6738709,3.8216877,6.6365,5.79232,28.06287,151.7,7.08
$2022-03-10 15:48:17,6090640,6738307,3.8265104,8.9399,5.22774,28.04684,151.3,7.08
$2022-03-10 15:48:19,6090550,6737875,3.8315115,9.2684,4.71199,28.07622,151.3,7.08
$2022-03-10 15:48:21,6090444,6737508,3.8352594,6.863,4.39002,28.06287,151.7,7.08
$2022-03-10 15:48:23,6090319,6737050,3.8400946,8.9529,4.13062,28.07622,151.3,7.08
$2022-03-10 15:48:25,6090180,6736606,3.8444624,8.0326,3.90478,28.06287,151.7,7.08
$2022-03-10 15:48:27,6090050,6736176,3.8487444,7.9275,3.74151,28.04684,151.3,7.08
$2022-03-10 15:48:29,6089911,6735701,3.8535719,8.871,3.61334,28.08957,151.3,7.08
$2022-03-10 15:48:31,6089746,6735271,3.8573208,6.8888,3.43786,28.08957,151.7,7.08
$2022-03-10 15:48:33,6089598,6734781,3.8621874,9.0654,3.34173,28.08957,150.7,7.08
$2022-03-10 15:48:35,6089430,6734290,3.8667717,8.5127,3.30663,28.08957,151,7.08
$2022-03-10 15:48:37,6089273,6733841,3.8709536,7.7125,3.1632,28.10292,151,7.08
$2022-03-10 15:48:39,6089098,6733322,3.8758268,9.0442,3.14641,28.11894,151,7.08
$2022-03-10 15:48:41,6088955,6732804,3.8812323,9.9681,3.03502,28.11894,151,7.08
$2022-03-10 15:48:43,6088776,6732339,3.8852501,7.3993,2.98466,28.08957,151,7.08
$2022-03-10 15:48:46,6088603,6731823,3.8901215,8.9658,2.9221,28.11894,151,7.08
$2022-03-10 15:48:48,6088421,6731273,3.8953762,9.7776,2.9221,28.11894,150.7,7.08
$2022-03-10 15:48:50,6088270,6730769,3.9004192,8.9182,2.88853,28.11894,151,7.08
$2022-03-10 15:48:52,6088059,6730187,3.905673,9.7773,2.72831,28.13229,150.7,7.08
$2022-03-10 15:48:54,6087871,6729708,3.9097605,7.525,2.74357,28.13229,151,7.08
$2022-03-10 15:48:56,6087706,6729202,3.9146194,9.0096,2.69627,28.13229,150.7,7.08
$2022-03-10 15:48:58,6087512,6728668,3.9194241,8.9347,2.71153,28.14565,151,7.08
$2022-03-10 15:49:00,6087350,6728137,3.9247036,9.8323,2.58335,28.14565,151,7.08
$2022-03-10 15:49:02,6087154,6727581,3.9298248,9.5029,2.54978,28.14565,150.7,7.08
$2022-03-10 15:49:04,6086994,6727111,3.9342079,8.1654,2.53605,28.13229,150.7,7.08
$2022-03-10 15:49:06,6086813,6726626,3.9385118,8.0128,2.53605,28.14565,151,7.08
$2022-03-10 15:49:08,6086632,6726118,3.9431181,8.5399,2.50401,28.16167,151,7.08
$2022-03-10 15:49:46,6083428,6719635,3.9264736,41.4966,5.31167,28.11894,166.9,7.04
$2022-03-10 15:49:48,6083652,6719751,3.9430265,30.6082,4.42206,28.08957,151.3,7.04
$2022-03-10 15:49:50,6084020,6719872,3.956214,24.2705,3.79187,28.10292,151,7.04
$2022-03-10 15:49:52,6084359,6719935,3.9668522,18.9875,3.35699,28.10292,150.7,7.04
$2022-03-10 15:49:54,6084704,6720062,3.9749708,5.6636,3.01823,28.10292,151,7.04
$2022-03-10 15:49:59,6085609,6720373,3.9884176,24.8832,2.56352,28.06287,150.7,7.08
$2022-03-10 15:50:01,6085938,6720468,3.9949026,12.081,2.49943,28.06287,150.7,7.08
$2022-03-10 15:50:03,6086276,6720581,4.0007372,10.8576,2.38498,28.03349,150.7,7.08
$2022-03-10 15:50:05,6086630,6720667,4.0069056,11.4608,2.30411,28.04684,151,7.08
$2022-03-10 15:50:07,6086965,6720762,4.0123243,10.0947,2.33616,28.03349,150.7,7.08
$2022-03-10 15:50:09,6087285,6720850,4.0174341,9.5165,2.25681,28.04684,150.7,7.08
$2022-03-10 15:50:11,6087593,6720881,4.0230494,10.4244,2.19425,28.07622,151,7.08
$2022-03-10 15:50:13,6087887,6720882,4.028698,10.4123,2.24002,28.03349,151,7.08
$2022-03-10 15:50:15,6088153,6720905,4.0334654,8.8315,2.17594,28.02014,151,7.08
$2022-03-10 15:50:17,6088413,6720867,4.0390072,10.2977,2.13016,28.07622,150.7,7.08
$2022-03-10 15:50:19,6088676,6720813,4.0447016,10.54,2.11185,28.04684,151,7.08
$2022-03-10 15:50:21,6088877,6720682,4.0504799,10.6644,2.04776,28.04684,151,7.08
$2022-03-10 15:50:23,6089058,6720521,4.0563231,10.7958,2.09659,28.03349,151,7.08
$2022-03-10 15:50:25,6089234,6720394,4.0615559,9.6788,2.06455,28.07622,150.7,7.08
$2022-03-10 15:50:27,6089384,6720202,4.0672417,10.5691,2.01572,28.04684,151,7.08
$2022-03-10 15:50:29,6089526,6719992,4.0730705,10.8588,1.98215,28.03349,150.7,7.08
$2022-03-10 15:50:31,6089624,6719790,4.0780134,9.2185,2.0325,28.04684,150.7,7.08
$2022-03-10 15:50:33,6089711,6719545,4.083396,9.9717,2.01572,28.06287,151,7.08
$2022-03-10 15:50:35,6089789,6719288,4.0887651,9.9959,1.96841,28.03349,151,7.08
$2022-03-10 15:50:37,6089844,6719024,4.0938835,9.5061,1.96841,28.06287,151,7.08
$2022-03-10 15:50:39,6089881,6718709,4.0994091,10.3046,1.96841,28.04684,151,7.08
$2022-03-10 15:50:41,6089847,6718410,4.103529,7.6551,1.95163,28.06287,151,7.08
$2022-03-10 15:50:43,6089866,6718065,4.1091862,10.5379,1.88754,28.07622,150.7,7.08
$2022-03-10 15:50:45,6089857,6717728,4.1203604,20.8171,1.91806,28.07622,150.7,7.08
$2022-03-10 15:50:47,6089794,6717350,4.1249123,8.4866,1.91806,28.07622,150.7,7.08
$2022-03-10 15:50:49,6089750,6716986,4.1296024,8.7338,1.91806,28.07622,150.7,7.08
$2022-03-10 15:50:51,6089700,6716567,4.1350212,9.9591,1.88754,28.08957,150.7,7.08
$2022-03-10 15:50:53,6089643,6716148,4.140296,9.8522,1.88754,28.08957,150.7,7.08
$2022-03-10 15:50:55,6089570,6715726,4.1453857,9.4886,1.88754,28.08957,150.7,7.08
$2022-03-10 15:50:57,6089463,6715235,4.1509352,10.2525,1.84024,28.10292,150.7,7.08
$2022-03-10 15:50:59,6089365,6714775,4.1562214,9.8154,1.8555,28.11894,150.7,7.08
$2022-03-10 15:51:01,6089254,6714312,4.1613178,9.4795,1.80819,28.11894,151,7.08
$2022-03-10 15:51:03,6089147,6713841,4.1666031,9.785,1.8555,28.13229,150.7,7.08
$2022-03-10 15:51:05,6089012,6713371,4.171423,8.9248,1.82193,28.10292,151,7.08
$2022-03-10 15:51:10,6088711,6712226,4.1835947,10.0023,1.79141,28.13229,151,7.08
$2022-03-10 15:51:12,6088569,6711712,4.1889381,9.9728,1.84024,28.13229,150.7,7.08
$2022-03-10 15:51:14,6088434,6711213,4.1942167,9.8169,1.79141,28.14565,151,7.08
$2022-03-10 15:51:16,6088283,6710699,4.1994286,9.6958,1.7258,28.13229,151,7.08
$2022-03-10 15:51:18,6088128,6710197,4.2044048,9.2595,1.77615,28.11894,151,7.08
$2022-03-10 15:51:20,6087959,6709735,4.2085457,7.7307,1.77615,28.13229,150.7,7.08
$2022-03-10 15:51:22,6087795,6709242,4.2132444,8.7364,1.7258,28.14565,150.7,7.08
$2022-03-10 15:51:24,6087635,6708758,4.2178783,8.6457,1.71206,28.13229,150.7,7.08
$2022-03-10 15:51:26,6087462,6708226,4.2230234,9.5857,1.74105,28.13229,151,7.08
$2022-03-10 15:51:28,6087283,6707747,4.2272692,7.8855,1.7258,28.16167,151,7.08
$2022-03-10 15:51:30,6087097,6707228,4.231987,8.7054,1.71206,28.14565,151,7.08
$2022-03-10 15:51:32,6086924,6706733,4.2365875,8.2073,1.69528,28.16167,151,7.08
$2022-03-10 15:51:34,6086708,6706202,4.2410154,8.1726,1.71359,28.17502,151,7.08
$2022-03-10 15:51:36,6086518,6705720,4.2451363,7.6915,1.66171,28.16167,150.7,7.08
$2022-03-10 15:51:38,6086353,6705228,4.2498074,8.7134,1.71359,28.17502,150.7,7.08
$2022-03-10 15:51:40,6086164,6704701,4.2546358,8.9919,1.69528,28.17502,151,7.08
$2022-03-10 15:51:42,6085956,6704152,4.2594643,9.0127,1.66323,28.17502,150.7,7.08
$2022-03-10 15:51:44,6085786,6703633,4.2644892,9.3798,1.66323,28.20172,150.7,7.08
$2022-03-10 15:51:46,6085570,6703077,4.2692909,8.9498,1.71359,28.20172,150.7,7.08
$2022-03-10 15:51:48,6085385,6702553,4.2741385,9.0453,1.69528,28.18837,150.7,7.08
$2022-03-10 15:51:50,6085192,6702038,4.2786837,8.4797,1.68002,28.18837,150.7,7.08
$2022-03-10 15:51:52,6084992,6701526,4.2830906,8.2129,1.66171,28.16167,151,7.08
$2022-03-10 15:51:54,6084803,6701020,4.2875834,8.4061,1.69833,28.20172,150.7,7.08
$2022-03-10 15:51:56,6084613,6700527,4.2918663,7.957,1.61593,28.18837,151,7.08
$2022-03-10 15:51:58,6084433,6699974,4.2972107,9.9795,1.63424,28.21774,150.7,7.08
$2022-03-10 15:52:00,6084244,6699431,4.3022661,8.989,1.61593,28.20172,150.7,7.08
$2022-03-10 15:52:02,6084042,6698864,4.3074732,9.6946,1.64797,28.21774,151,7.08
$2022-03-10 15:52:04,6083839,6698319,4.3123178,9.0427,1.64797,28.23109,150.7,7.08
$2022-03-10 15:52:06,6083641,6697792,4.3169661,8.5869,1.66323,28.23109,151,7.08
$2022-03-10 15:52:08,6083452,6697224,4.3224077,10.1062,1.5671,28.23109,150.7,7.08
$2022-03-10 15:52:12,6083020,6695863,4.3356762,10.7811,1.58389,28.21774,151,7.08
$2022-03-10 15:52:14,6082798,6695178,4.3423233,12.3988,1.61746,28.23109,150.7,7.08
$2022-03-10 15:52:16,6082605,6694534,4.3488111,12.1309,1.58389,28.24445,150.7,7.08
$2022-03-10 15:52:18,6082404,6693902,4.3549595,11.3551,1.59915,28.23109,151,7.08
$2022-03-10 15:52:20,6082206,6693329,4.3603401,10.0116,1.61746,28.21774,150.7,7.08
$2022-03-10 15:52:22,6082016,6692810,4.3650446,8.7723,1.53811,28.2578,151,7.08
$2022-03-10 15:52:24,6081812,6692260,4.3699465,9.0581,1.6022,28.27382,151,7.08
$2022-03-10 15:52:26,6081634,6691720,4.3751631,9.7186,1.5671,28.27382,151,7.08
$2022-03-10 15:52:28,6081430,6691208,4.3795261,8.1163,1.55337,28.2578,150.7,7.08
$2022-03-10 15:52:30,6081243,6690683,4.3843422,8.9759,1.5198,28.24445,151,7.08
$2022-03-10 15:52:32,6081031,6690120,4.3893156,9.3005,1.52132,28.27382,150.7,7.08
$2022-03-10 15:52:34,6080861,6689649,4.3936319,8.014,1.55337,28.28717,150.7,7.08
$2022-03-10 15:52:36,6080660,6689138,4.3980083,8.1241,1.57015,28.28717,150.7,7.08
$2022-03-10 15:52:38,6080468,6688612,4.402771,8.9089,1.52132,28.27382,150.7,7.08
$2022-03-10 15:52:40,6080266,6688104,4.4071274,8.1356,1.55642,28.30052,150.7,7.08
$2022-03-10 15:52:42,6080060,6687579,4.4116468,8.4263,1.58541,28.28717,151,7.08
$2022-03-10 15:52:44,6079873,6687113,4.4155703,7.3123,1.52132,28.27382,151,7.08
$2022-03-10 15:52:46,6079682,6686579,4.420476,9.1408,1.48928,28.31655,151,7.08
$2022-03-10 15:52:48,6079479,6686062,4.4249096,8.2823,1.57015,28.30052,150.7,7.08
$2022-03-10 15:52:50,6079313,6685591,4.4292841,8.1615,1.53811,28.31655,151,7.08
$2022-03-10 15:52:52,6079111,6685022,4.4345436,9.7869,1.52132,28.33257,151,7.08
$2022-03-10 15:52:54,6078917,6684515,4.4390087,8.3254,1.50607,28.28717,151,7.08
$2022-03-10 15:52:56,6078710,6684039,4.4427872,6.9888,1.48928,28.33257,151,7.08
$2022-03-10 15:52:58,6078503,6683547,4.4467812,7.4098,1.47402,28.28717,151,7.08
$2022-03-10 15:53:00,6078308,6683026,4.4514236,8.682,1.53811,28.31655,150.7,7.08
$2022-03-10 15:53:02,6078128,6682563,4.4554434,7.5155,1.53964,28.34593,150.7,7.08
$2022-03-10 15:53:04,6077921,6682005,4.4604321,9.2463,1.50607,28.30052,150.7,7.08
$2022-03-10 15:53:06,6077745,6681438,4.4660692,10.4812,1.47402,28.30052,150.7,7.08
$2022-03-10 15:53:08,6077559,6680826,4.47223,11.517,1.50607,28.34593,150.7,7.08
$2022-03-10 15:53:10,6077371,6680210,4.4784021,11.5283,1.44198,28.33257,150.7,7.08
$2022-03-10 15:53:15,6076944,6678925,4.4906874,10.1303,1.50607,28.33257,150.7,7.08
$2022-03-10 15:53:17,6076743,6678347,4.4960546,9.9502,1.50607,28.35928,150.7,7.08
$2022-03-10 15:53:19,6076553,6677794,4.5012693,9.7343,1.42519,28.34593,151,7.08
$2022-03-10 15:53:21,6076388,6677241,4.5069046,10.5266,1.46029,28.34593,150.7,7.08
$2022-03-10 15:53:23,6076211,6676710,4.5119886,9.4657,1.47555,28.34593,150.7,7.08
$2022-03-10 15:53:25,6076009,6676181,4.5166283,8.699,1.42519,28.35928,150.7,7.08
$2022-03-10 15:53:27,6075833,6675721,4.5206852,7.5716,1.44198,28.35928,150.7,7.08
$2022-03-10 15:53:29,6075655,6675160,4.5261879,10.2872,1.40993,28.34593,150.7,7.08
$2022-03-10 15:53:31,6075455,6674640,4.530735,8.5047,1.42519,28.34593,150.7,7.08
$2022-03-10 15:53:33,6075290,6674116,4.5359221,9.7008,1.46029,28.35928,150.7,7.08
$2022-03-10 15:53:35,6075106,6673576,4.5410051,9.5123,1.46029,28.35928,150.7,7.08
$2022-03-10 15:53:37,6074926,6673078,4.5455713,8.5509,1.42519,28.37263,150.7,7.08
$2022-03-10 15:53:39,6074732,6672514,4.5508633,9.8834,1.34585,28.38865,150.7,7.08
$2022-03-10 15:53:41,6074558,6672032,4.5552912,8.2606,1.46029,28.37263,151,7.08
$2022-03-10 15:53:43,6074365,6671526,4.5597258,8.2472,1.42519,28.37263,150.7,7.08
$2022-03-10 15:53:45,6074191,6671010,4.5646439,9.1355,1.4435,28.38865,150.7,7.08
$2022-03-10 15:53:47,6074010,6670537,4.5688095,7.7725,1.40993,28.38865,151,7.08
$2022-03-10 15:53:49,6073827,6670001,4.5738649,9.453,1.37942,28.37263,150.7,7.08
$2022-03-10 15:53:51,6073661,6669438,4.5796061,10.7353,1.46029,28.38865,150.7,7.08
$2022-03-10 15:53:53,6073473,6668923,4.5842619,8.6929,1.4435,28.37263,151,7.08
$2022-03-10 15:53:55,6073299,6668413,4.5890999,9.0425,1.37942,28.402,150.7,7.08
$2022-03-10 15:53:57,6073125,6667911,4.5937881,8.7572,1.4435,28.38865,151,7.08
$2022-03-10 15:53:59,6072946,6667382,4.5988169,9.39,1.36416,28.402,151,7.08
$2022-03-10 15:54:01,6072758,6666852,4.6037197,9.1972,1.40993,28.37263,150.7,7.08
$2022-03-10 15:54:03,6072590,6666256,4.6099234,11.5567,1.40993,28.38865,150.7,7.08
$2022-03-10 15:54:05,6072412,6665649,4.6161203,11.5709,1.41146,28.41535,150.7,7.08
$2022-03-10 15:54:07,6072235,6665009,4.6228857,12.6854,1.39773,28.43138,150.7,7.08
$2022-03-10 15:54:09,6072073,6664346,4.6302252,13.7253,1.34737,28.41535,150.7,7.08
$2022-03-10 15:54:11,6071898,6663620,4.6382647,14.924,1.34737,28.41535,151,7.08
$2022-03-10 15:54:13,6071726,6662945,4.6455832,13.7073,1.36416,28.41535,150.7,7.08
$2022-03-10 15:54:17,6071342,6661537,4.6604691,12.2163,1.38247,28.45808,151,7.08
$2022-03-10 15:54:19,6071161,6660910,4.6669436,12.1265,1.34737,28.44473,150.7,7.08
$2022-03-10 15:54:21,6070982,6660344,4.6725292,10.3697,1.36416,28.43138,150.7,7.08
$2022-03-10 15:54:23,6070806,6659840,4.6772585,8.4515,1.34737,28.44473,150.7,7.08
$2022-03-10 15:54:26,6070631,6659311,4.6823483,9.4747,1.38247,28.44473,150.7,7.08
$2022-03-10 15:54:28,6070439,6658831,4.6864433,7.6509,1.36416,28.44473,151,7.08
$2022-03-10 15:54:30,6070288,6658373,4.6908655,8.2724,1.34737,28.44473,150.7,7.08
$2022-03-10 15:54:32,6070113,6657907,4.6950464,7.8306,1.34737,28.44473,151,7.08
$2022-03-10 15:54:34,6069944,6657454,4.6991148,7.6118,1.38247,28.47143,150.7,7.08
$2022-03-10 15:54:36,6069779,6656987,4.7034779,8.1704,1.38247,28.44473,150.7,7.08
$2022-03-10 15:54:38,6069595,6656524,4.7074423,7.4174,1.31838,28.45808,150.7,7.08
$2022-03-10 15:54:40,6069427,6656048,4.7118435,8.2289,1.33211,28.47143,151,7.08
$2022-03-10 15:54:42,6069277,6655581,4.7164278,8.5809,1.39773,28.44473,150.7,7.08
$2022-03-10 15:54:44,6069105,6655114,4.7206659,7.9293,1.33211,28.44473,150.7,7.08
$2022-03-10 15:54:46,6068927,6654627,4.7250862,8.2533,1.25124,28.47143,151,7.08
$2022-03-10 15:54:48,6068752,6654116,4.7299376,9.074,1.36568,28.47143,151,7.08
$2022-03-10 15:54:50,6068590,6653593,4.7351551,9.7328,1.33211,28.47143,151,7.08
$2022-03-10 15:54:52,6068445,6653135,4.7397184,8.5599,1.31838,28.48745,150.7,7.08
$2022-03-10 15:54:54,6068270,6652592,4.7450123,9.8804,1.33211,28.48745,151,7.08
$2022-03-10 15:54:56,6068085,6652076,4.7498045,8.9741,1.31838,28.48745,150.7,7.08
$2022-03-10 15:54:57,6067932,6651552,4.7551956,10.1086,1.38247,28.5008,150.7,7.08
$2022-03-10 15:54:59,6067758,6650992,4.7608099,10.4743,1.26802,28.5008,151,7.08
$2022-03-10 15:55:01,6067610,6650470,4.7662601,10.2219,1.28634,28.5008,150.7,7.08
$2022-03-10 15:55:03,6067440,6649982,4.7708607,8.5195,1.38247,28.5008,151,7.08
$2022-03-10 15:55:06,6067264,6649456,4.7759256,9.4549,1.31838,28.5008,150.7,7.08
$2022-03-10 15:55:08,6067097,6648958,4.7807035,8.9034,1.28634,28.48745,151,7.08
$2022-03-10 15:55:10,6066939,6648406,4.7864323,10.7494,1.26802,28.5008,150.7,7.08
$2022-03-10 15:55:12,6066771,6647885,4.7915411,9.5746,1.33211,28.5008,150.7,7.08
$2022-03-10 15:55:13,6066614,6647355,4.7969704,10.1728,1.35042,28.5008,150.7,7.08
$2022-03-10 15:55:15,6066454,6646740,4.8036127,12.4441,1.28634,28.5008,150.7,7.08
$2022-03-10 15:55:54,6064046,6640839,4.789773,43.9679,2.63828,28.44473,166.2,7.04
$2022-03-10 15:55:56,6064265,6640924,4.8073244,32.625,2.31632,28.47143,151.3,7.04
$2022-03-10 15:55:58,6064604,6640990,4.8211288,25.604,2.05997,28.44473,151,7.04
$2022-03-10 15:56:00,6064979,6641073,4.8321915,19.8785,1.84634,28.41535,150.7,7.04
$2022-03-10 15:56:02,6065341,6641207,4.8405867,5.8982,1.70291,28.41535,151,7.05
$2022-03-10 15:56:07,6066268,6641563,4.8538446,24.5537,1.4786,28.41535,151,7.08
$2022-03-10 15:56:09,6066604,6641648,4.8606462,12.776,1.47555,28.38865,150.3,7.08
$2022-03-10 15:56:11,6066978,6641784,4.8668928,11.699,1.4435,28.41535,150.7,7.08
$2022-03-10 15:56:13,6067329,6641895,4.8727093,10.9127,1.42824,28.402,150.7,7.08
$2022-03-10 15:56:15,6067697,6641971,4.8789997,11.777,1.36416,28.38865,150.7,7.08
$2022-03-10 15:56:17,6068042,6642053,4.8846531,10.6175,1.37942,28.37263,150.7,7.08
$2022-03-10 15:56:19,6068365,6642129,4.889822,9.6846,1.3611,28.37263,150.7,7.08
$2022-03-10 15:56:21,6068682,6642127,4.8959494,11.4781,1.29702,28.35928,150.7,7.08
$2022-03-10 15:56:23,6069004,6642049,4.9031849,13.4388,1.3611,28.37263,151,7.08
$2022-03-10 15:56:25,6069267,6641940,4.9098396,12.3964,1.28176,28.35928,150.7,7.08
$2022-03-10 15:56:27,6069530,6641757,4.9175558,14.339,1.26497,28.402,151,7.08
$2022-03-10 15:56:29,6069782,6641560,4.9252253,14.2958,1.31533,28.402,151,7.08
$2022-03-10 15:56:31,6069999,6641334,4.9327192,13.9494,1.30007,28.38865,151,7.08
$2022-03-10 15:56:33,6070209,6641127,4.9397182,13.1033,1.28176,28.35928,150.7,7.08
$2022-03-10 15:56:35,6070391,6640917,4.9462461,12.1287,1.24971,28.37263,151,7.08
$2022-03-10 15:56:37,6070533,6640691,4.9523964,11.5234,1.28328,28.402,151,7.08
$2022-03-10 15:56:39,6070679,6640506,4.9579334,10.3597,1.32906,28.38865,151,7.08
$2022-03-10 15:56:41,6070784,6640283,4.9633341,10.1007,1.26497,28.38865,151,7.08
$2022-03-10 15:56:43,6070862,6640069,4.9681282,8.9264,1.31533,28.38865,151,7.08
$2022-03-10 15:56:45,6070931,6639788,4.9737492,10.5523,1.23293,28.35928,150.7,7.08
$2022-03-10 15:56:47,6070987,6639532,4.978797,9.4025,1.28328,28.402,150.7,7.08
$2022-03-10 15:56:49,6071061,6639323,4.983408,8.6094,1.26497,28.41535,150.7,7.08
$2022-03-10 15:56:51,6071054,6638999,4.98841,9.3241,1.26497,28.402,150.3,7.08
$2022-03-10 15:56:53,6071065,6638714,4.9993629,20.586,1.23598,28.41535,150.3,7.08
$2022-03-10 15:56:55,6071070,6638383,5.0044098,9.4661,1.24971,28.41535,150.7,7.08
$2022-03-10 15:56:57,6071056,6638053,5.0091496,8.9019,1.26802,28.43138,150.7,7.08
$2022-03-10 15:56:59,6071025,6637713,5.0137005,8.5497,1.29702,28.35928,150.3,7.08
$2022-03-10 15:57:01,6070989,6637354,5.0185051,9.0168,1.24971,28.41535,150.7,7.08
$2022-03-10 15:57:03,6070949,6637034,5.022666,7.7928,1.26497,28.41535,150.7,7.08
$2022-03-10 15:57:05,6070902,6636679,5.0272484,8.6062,1.30007,28.43138,150.7,7.08
$2022-03-10 15:57:07,6070822,6636292,5.0317726,8.5087,1.26802,28.43138,150.3,7.08
$2022-03-10 15:57:09,6070747,6635916,5.0362253,8.3871,1.2192,28.41535,150.3,7.08
$2022-03-10 15:57:11,6070652,6635507,5.0408278,8.6359,1.20394,28.43138,150.7,7.08
$2022-03-10 15:57:13,6070574,6635122,5.0453243,8.4576,1.26497,28.41535,150.3,7.08
$2022-03-10 15:57:18,6070335,6634214,5.0551462,8.1021,1.2192,28.45808,150.7,7.08
$2022-03-10 15:57:20,6070212,6633761,5.0599489,9.0127,1.20394,28.43138,150.7,7.08
$2022-03-10 15:57:22,6070090,6633303,5.0648947,9.2698,1.24971,28.44473,150.7,7.08
$2022-03-10 15:57:24,6069973,6632843,5.0699377,9.4785,1.26802,28.44473,150.7,7.08
$2022-03-10 15:57:26,6069860,6632376,5.0751295,9.7454,1.28328,28.44473,150.7,7.08
$2022-03-10 15:57:28,6069743,6631846,5.0812531,11.478,1.2192,28.45808,150.7,7.08
$2022-03-10 15:57:30,6069611,6631243,5.0881948,12.9519,1.2192,28.43138,150.7,7.08
$2022-03-10 15:57:32,6069469,6630689,5.0942192,11.2361,1.2192,28.43138,150.7,7.08
$2022-03-10 15:57:34,6069327,6630134,5.1003017,11.4199,1.26802,28.5008,150.7,7.08
$2022-03-10 15:57:36,6069171,6629517,5.107132,12.7445,1.22225,28.48745,150.7,7.08
$2022-03-10 15:57:38,6069031,6628913,5.1139612,12.7526,1.15511,28.45808,150.7,7.08
$2022-03-10 15:57:40,6068893,6628375,5.1198282,10.956,1.15511,28.47143,150.7,7.08
$2022-03-10 15:57:42,6068763,6627784,5.1266441,12.7015,1.2192,28.47143,150.7,7.08
$2022-03-10 15:57:44,6068595,6627172,5.1331539,12.1972,1.18715,28.45808,151,7.08
$2022-03-10 15:57:46,6068434,6626571,5.1396179,12.1371,1.22225,28.48745,150.7,7.08
$2022-03-10 15:57:48,6068286,6626034,5.1453266,10.6884,1.26802,28.47143,150.7,7.08
$2022-03-10 15:57:50,6068116,6625517,5.1503592,9.4525,1.20394,28.48745,150.7,7.08
$2022-03-10 15:57:52,6067967,6624949,5.1565361,11.6167,1.17189,28.48745,150.7,7.08
$2022-03-10 15:57:54,6067786,6624417,5.1616135,9.5358,1.22225,28.5008,150.7,7.08
$2022-03-10 15:57:56,6067625,6623938,5.1662416,8.7031,1.17189,28.5008,150.7,7.08
$2022-03-10 15:57:58,6067479,6623464,5.1710138,8.9664,1.17189,28.5008,150.7,7.08
$2022-03-10 15:58:00,6067320,6622990,5.1756029,8.6157,1.22225,28.48745,150.7,7.08
$2022-03-10 15:58:02,6067157,6622529,5.1799517,8.1187,1.20546,28.51415,151,7.08
$2022-03-10 15:58:04,6066993,6622056,5.1844292,8.3517,1.18715,28.5008,150.7,7.08
$2022-03-10 15:58:06,6066831,6621623,5.1883354,7.3424,1.20394,28.5008,150.7,7.08
$2022-03-10 15:58:08,6066675,6621129,5.1932621,9.2556,1.23751,28.51415,150.7,7.08
$2022-03-10 15:58:10,6066490,6620616,5.1980066,8.9076,1.17189,28.51415,150.7,7.08
$2022-03-10 15:58:12,6066323,6620148,5.2023935,8.2238,1.1902,28.54353,151,7.08
$2022-03-10 15:58:14,6066154,6619670,5.2068567,8.3654,1.15816,28.51415,151,7.08
$2022-03-10 15:58:16,6065986,6619222,5.2108984,7.6018,1.20394,28.5008,150.7,7.08
$2022-03-10 15:58:20,6065637,6618184,5.2208538,8.2113,1.20546,28.54353,151,7.08
$2022-03-10 15:58:22,6065449,6617690,5.2252779,8.2916,1.17189,28.52751,150.7,7.08
$2022-03-10 15:58:24,6065277,6617227,5.2294817,7.8819,1.17189,28.52751,151,7.08
$2022-03-10 15:58:26,6065107,6616750,5.2339382,8.3774,1.22225,28.55688,150.7,7.08
$2022-03-10 15:58:28,6064956,6616297,5.238349,8.2749,1.20546,28.52751,151,7.08
$2022-03-10 15:58:30,6064792,6615826,5.2427921,8.3379,1.15816,28.51415,150.7,7.08
$2022-03-10 15:58:32,6064613,6615333,5.2473392,8.4818,1.1902,28.55688,150.7,7.08
$2022-03-10 15:58:34,6064448,6614817,5.25249,9.6629,1.14137,28.55688,151,7.08
$2022-03-10 15:58:36,6064283,6614339,5.2570105,8.4667,1.15816,28.54353,150.7,7.08
$2022-03-10 15:58:38,6064113,6613870,5.2613487,8.063,1.17342,28.57023,151,7.08
$2022-03-10 15:58:40,6063931,6613367,5.2659988,8.7005,1.17342,28.55688,150.7,7.08
$2022-03-10 15:58:42,6063761,6612865,5.2708111,8.9881,1.1902,28.57023,150.7,7.08
$2022-03-10 15:58:44,6063605,6612382,5.2755976,8.9471,1.25429,28.55688,150.7,7.08
$2022-03-10 15:58:46,6063431,6611880,5.2803898,8.9926,1.14443,28.58358,151,7.08
$2022-03-10 15:58:48,6063266,6611425,5.2845974,7.9264,1.14443,28.58358,150.7,7.08
$2022-03-10 15:58:50,6063109,6610936,5.2894411,9.0372,1.17342,28.58358,150.7,7.08
$2022-03-10 15:58:52,6062941,6610440,5.2942457,8.9743,1.17342,28.58358,150.7,7.08
$2022-03-10 15:58:54,6062768,6609948,5.2988615,8.6722,1.14443,28.58358,150.7,7.08
$2022-03-10 15:58:56,6062597,6609453,5.3035755,8.8596,1.1902,28.58358,150.7,7.08
$2022-03-10 15:58:58,6062441,6609020,5.3076067,7.587,1.17342,28.5996,150.7,7.08
$2022-03-10 15:59:00,6062269,6608561,5.3117666,7.8141,1.17342,28.58358,150.7,7.08
$2022-03-10 15:59:02,6062107,6608100,5.3161097,8.1378,1.12764,28.5996,150.7,7.08
$2022-03-10 15:59:04,6061957,6607682,5.3199987,7.2549,1.15969,28.58358,150.7,7.08
$2022-03-10 15:59:06,6061787,6607223,5.3241911,7.8562,1.14443,28.58358,150.7,7.08
$2022-03-10 15:59:08,6061604,6606740,5.3285007,8.1279,1.12764,28.5996,150.7,7.08
$2022-03-10 15:59:10,6061444,6606264,5.333128,8.6939,1.11238,28.62631,150.7,7.08
$2022-03-10 15:59:12,6061259,6605829,5.33673,6.7701,1.15969,28.61296,150.7,7.08
$2022-03-10 15:59:14,6061105,6605398,5.3407078,7.4923,1.14137,28.57023,150.7,7.08
$2022-03-10 15:59:16,6060946,6604950,5.3449068,7.824,1.17342,28.61296,150.7,7.08
$2022-03-10 15:59:18,6060789,6604462,5.3497868,9.1404,1.19173,28.62631,150.7,7.08
$2022-03-10 15:59:23,6060434,6603418,5.3597593,8.2381,1.12764,28.5996,150.7,7.08
$2022-03-10 15:59:25,6060251,6602918,5.3643465,8.6538,1.17342,28.5996,150.7,7.08
$2022-03-10 15:59:27,6060094,6602463,5.3687191,8.2295,1.12764,28.63966,150.7,7.08
$2022-03-10 15:59:29,6059944,6601992,5.3734035,8.83,1.14443,28.63966,150.7,7.08
$2022-03-10 15:59:31,6059787,6601538,5.3777437,8.1482,1.12764,28.62631,150.7,7.08
$2022-03-10 15:59:33,6059619,6601042,5.3825436,9.013,1.12764,28.63966,151,7.08
$2022-03-10 15:59:35,6059443,6600594,5.3864613,7.3701,1.12764,28.63966,150.7,7.08
$2022-03-10 15:59:37,6059274,6600117,5.3909245,8.3925,1.14443,28.62631,150.7,7.08
$2022-03-10 15:59:39,6059124,6599652,5.3955488,8.7055,1.14443,28.61296,150.7,7.08
$2022-03-10 15:59:41,6058966,6599197,5.3998623,8.1398,1.12764,28.63966,150.7,7.08
$2022-03-10 15:59:43,6058788,6598724,5.4041424,8.0246,1.14443,28.65568,150.7,7.08
$2022-03-10 15:59:45,6058640,6598263,5.4087152,8.5883,1.12764,28.62631,150.7,7.08
$2022-03-10 15:59:47,6058496,6597796,5.4134617,8.8817,1.16274,28.65568,150.7,7.08
$2022-03-10 15:59:49,6058317,6597299,5.4180651,8.6105,1.12764,28.63966,150.7,7.08
$2022-03-10 15:59:51,6058167,6596819,5.4229221,9.15,1.12764,28.66904,150.7,7.08
$2022-03-10 15:59:53,6058001,6596310,5.4279213,9.3455,1.16274,28.65568,150.7,7.08
$2022-03-10 15:59:55,6057827,6595822,5.4324598,8.4631,1.12764,28.65568,151,7.08
$2022-03-10 15:59:57,6057684,6595352,5.4372778,9.0338,1.16274,28.66904,150.7,7.08
$2022-03-10 15:59:59,6057530,6594763,5.4437084,12.0809,1.12764,28.66904,150.7,7.08
$2022-03-10 16:00:01,6057380,6594162,5.4503727,12.5565,1.12764,28.65568,150.7,7.08
$2022-03-10 16:00:03,6057230,6593574,5.4568739,12.2369,1.12764,28.65568,150.7,7.08
$2022-03-10 16:00:05,6057049,6592946,5.4634399,12.2782,1.12764,28.66904,150.7,7.08
$2022-03-10 16:00:07,6056898,6592330,5.4703226,12.9581,1.13069,28.69574,150.7,7.08
$2022-03-10 16:00:09,6056749,6591714,5.4772768,13.077,1.17647,28.68239,150.7,7.08
$2022-03-10 16:00:11,6056603,6591134,5.4837055,12.0558,1.14595,28.71176,150.7,7.08
$2022-03-10 16:00:13,6056436,6590485,5.4908209,13.2908,1.13069,28.68239,150.7,7.08
$2022-03-10 16:00:15,6056262,6589853,5.4975595,12.6691,1.19173,28.66904,151,7.08
$2022-03-10 16:00:17,6056120,6589255,5.5043688,12.8223,1.13069,28.69574,150.7,7.08
$2022-03-10 16:00:19,6055954,6588715,5.5098896,10.3917,1.16274,28.71176,150.7,7.08
$2022-03-10 16:00:21,6055823,6588166,5.5160751,11.6233,1.178,28.71176,150.7,7.08
$2022-03-10 16:00:25,6055469,6587011,5.527813,9.7214,1.14595,28.68239,150.7,7.08
$2022-03-10 16:00:27,6055322,6586503,5.533144,10.0449,1.11238,28.69574,150.7,7.08
$2022-03-10 16:00:29,6055184,6586017,5.5382671,9.6489,1.08186,28.69574,150.7,7.08
$2022-03-10 16:00:31,6055020,6585570,5.5423603,7.6716,1.13069,28.71176,150.7,7.08
$2022-03-10 16:00:33,6054873,6585070,5.5475864,9.7788,1.14595,28.69574,150.7,7.08
$2022-03-10 16:00:35,6054727,6584600,5.5523338,8.9224,1.11391,28.71176,151,7.08
$2022-03-10 16:00:37,6054583,6584153,5.5568085,8.4015,1.13069,28.73847,151,7.08
$2022-03-10 16:00:39,6054426,6583656,5.5617876,9.3924,1.13069,28.71176,150.7,7.08
$2022-03-10 16:00:41,6054298,6583198,5.5667019,9.2532,1.14595,28.72511,150.7,7.08
$2022-03-10 16:00:43,6054135,6582736,5.5710535,8.1888,1.14595,28.72511,150.7,7.08
$2022-03-10 16:00:45,6053986,6582278,5.5755787,8.53,1.16274,28.71176,150.7,7.08
$2022-03-10 16:00:47,6053823,6581831,5.5797157,7.7946,1.13069,28.73847,150.7,7.08
$2022-03-10 16:00:49,6053687,6581371,5.5845127,8.9571,1.13069,28.73847,150.7,7.08
$2022-03-10 16:00:51,6053539,6580935,5.5887661,7.9892,1.08492,28.75449,150.7,7.08
$2022-03-10 16:00:53,6053404,6580522,5.592845,7.6685,1.14595,28.73847,151,7.08
$2022-03-10 16:00:55,6053267,6580069,5.5974979,8.7747,1.13069,28.72511,150.7,7.08
$2022-03-10 16:00:57,6053115,6579619,5.601861,8.1561,1.13069,28.75449,150.7,7.08
$2022-03-10 16:00:59,6052970,6579193,5.6059904,7.7296,1.13069,28.75449,151,7.08
$2022-03-10 16:01:01,6052806,6578741,5.6101847,7.8845,1.0956,28.72511,151,7.08
$2022-03-10 16:01:03,6052659,6578278,5.6148376,8.7169,1.149,28.75449,150.7,7.08
$2022-03-10 16:01:05,6052506,6577832,5.6191282,8.084,1.08492,28.75449,150.7,7.08
$2022-03-10 16:01:07,6052349,6577367,5.6236258,8.45,1.08492,28.75449,151,7.08
$2022-03-10 16:01:09,6052210,6576923,5.6281357,8.4341,1.11391,28.76784,151,7.08
$2022-03-10 16:01:11,6052069,6576465,5.6328278,8.8338,1.06661,28.75449,150.7,7.08
$2022-03-10 16:01:13,6051952,6576010,5.6378355,9.4056,1.11391,28.78119,150.7,7.08
$2022-03-10 16:01:15,6051791,6575505,5.6428957,9.4406,1.11391,28.75449,151,7.08
$2022-03-10 16:01:17,6051646,6575046,5.6475277,8.6764,1.11391,28.76784,151,7.08
$2022-03-10 16:01:19,6051495,6574567,5.6523476,9.0936,1.08492,28.78119,150.7,7.08
$2022-03-10 16:01:21,6051357,6574102,5.6571732,9.1025,1.08492,28.78119,150.7,7.08
$2022-03-10 16:01:23,6051198,6573637,5.6616821,8.4842,1.16426,28.78119,151,7.08
$2022-03-10 16:02:02,6049168,6568493,5.6419115,48.8096,2.17899,28.71176,165.5,7.04
$2022-03-10 16:02:04,6049419,6568520,5.6610804,35.8569,1.88754,28.68239,151.3,7.04
$2022-03-10 16:02:06,6049781,6568515,5.6765852,29.0007,1.67697,28.71176,150.7,7.04
$2022-03-10 16:02:08,6050138,6568612,5.6873207,19.3654,1.54879,28.68239,151,7.04
$2022-03-10 16:02:10,6050529,6568747,5.6962576,6.3109,1.43435,28.66904,150.7,7.05
$2022-03-10 16:02:15,6051513,6569052,5.7112646,28.3369,1.22683,28.65568,150.7,7.08
$2022-03-10 16:02:17,6051875,6569203,5.7175493,11.826,1.25582,28.63966,151,7.08
$2022-03-10 16:02:19,6052264,6569406,5.7229805,10.2084,1.19173,28.61296,151,7.07
$2022-03-10 16:02:21,6052645,6569609,5.7278862,9.2362,1.24208,28.62631,151,7.07
$2022-03-10 16:02:23,6053026,6569752,5.7334461,10.4564,1.19173,28.65568,151,7.08
$2022-03-10 16:02:25,6053371,6569914,5.7379379,8.4571,1.17647,28.65568,151,7.07
$2022-03-10 16:02:27,6053700,6570059,5.7421913,8.0199,1.19173,28.62631,150.7,7.08
$2022-03-10 16:02:29,6054043,6570193,5.7467289,8.5843,1.17342,28.62631,150.7,7.07
$2022-03-10 16:02:31,6054370,6570346,5.7505999,7.2705,1.16274,28.63966,151,7.08
$2022-03-10 16:02:33,6054660,6570444,5.7545881,7.4832,1.06355,28.62631,150.7,7.08
$2022-03-10 16:02:35,6054951,6570484,5.759408,9.0195,1.11238,28.62631,150.7,7.08
$2022-03-10 16:02:37,6055205,6570517,5.7636604,8.0229,1.14443,28.61296,150.7,7.08
$2022-03-10 16:02:39,6055453,6570556,5.7676153,7.2866,1.15969,28.61296,151,7.08
$2022-03-10 16:02:41,6055651,6570542,5.7715502,7.4218,1.09407,28.63966,151,7.07
$2022-03-10 16:02:43,6055877,6570521,5.7760286,8.3995,1.12764,28.62631,150.7,7.08
$2022-03-10 16:02:45,6056122,6570515,5.7805519,8.4681,1.11238,28.62631,151,7.08
$2022-03-10 16:02:47,6056201,6570393,5.7840204,6.4927,1.14443,28.61296,151,7.08
$2022-03-10 16:02:49,6056323,6570298,5.7878132,7.099,1.17647,28.63966,151,7.08
$2022-03-10 16:02:51,6056436,6570187,5.7916765,7.2311,1.12764,28.62631,150.7,7.08
$2022-03-10 16:02:53,6056537,6570045,5.7957726,7.7231,1.14443,28.63966,151,7.08
$2022-03-10 16:02:55,6056597,6569857,5.7999067,7.7457,1.06355,28.65568,151,7.08
$2022-03-10 16:02:57,6056661,6569661,5.8041897,7.9985,1.11238,28.65568,151,7.08
$2022-03-10 16:02:59,6056704,6569495,5.8076515,6.5112,1.14443,28.63966,151,7.08
$2022-03-10 16:03:01,6056712,6569265,5.8179216,19.3033,1.09407,28.63966,151,7.08
$2022-03-10 16:03:03,6056742,6569041,5.8217897,7.3179,1.16274,28.65568,150.7,7.07
$2022-03-10 16:03:05,6056725,6568781,5.8254328,6.8831,1.0956,28.65568,150.7,7.08
$2022-03-10 16:03:07,6056715,6568541,5.8289137,6.4305,1.06355,28.65568,150.7,7.08
$2022-03-10 16:03:09,6056702,6568242,5.8332272,8.0868,1.06355,28.65568,150.7,7.08
$2022-03-10 16:03:11,6056667,6567935,5.8373213,7.7183,1.08186,28.66904,151,7.08
$2022-03-10 16:03:13,6056628,6567627,5.8413506,7.6129,1.06355,28.66904,150.7,7.08
$2022-03-10 16:03:15,6056581,6567274,5.8459668,8.7231,1.0956,28.65568,150.7,7.08
$2022-03-10 16:03:17,6056540,6566956,5.8501253,7.8546,1.14443,28.65568,150.7,7.08
$2022-03-10 16:03:19,6056461,6566619,5.8539791,7.278,1.06355,28.66904,150.7,7.08
$2022-03-10 16:03:21,6056386,6566263,5.8581891,7.9521,1.06661,28.69574,150.7,7.08
$2022-03-10 16:03:26,6056192,6565398,5.8681951,8.3004,1.04829,28.69574,150.7,7.08
$2022-03-10 16:03:28,6056089,6564979,5.8728881,8.8698,1.0132,28.65568,150.7,7.08
$2022-03-10 16:03:30,6055972,6564640,5.8761611,6.1829,1.0956,28.71176,150.7,7.08
$2022-03-10 16:03:32,6055885,6564245,5.8807569,8.6773,1.08186,28.66904,150.7,7.08
$2022-03-10 16:03:34,6055778,6563854,5.8849649,7.9458,1.13069,28.68239,150.7,7.08
$2022-03-10 16:03:36,6055661,6563453,5.8891664,7.9264,1.08186,28.69574,150.7,7.08
$2022-03-10 16:03:38,6055537,6563047,5.8933492,7.902,1.13069,28.68239,150.7,7.08
$2022-03-10 16:03:40,6055428,6562628,5.8979435,8.6669,1.04829,28.68239,150.7,7.08
$2022-03-10 16:03:42,6055318,6562232,5.9022284,8.0583,1.04982,28.72511,151,7.08
$2022-03-10 16:03:44,6055186,6561812,5.9064875,8.0482,1.08186,28.69574,151,7.08
$2022-03-10 16:03:46,6055052,6561411,5.9104042,7.398,1.13069,28.68239,150.7,7.08
$2022-03-10 16:03:48,6054920,6560975,5.9149275,8.3435,1.08186,28.72511,151,7.08
$2022-03-10 16:03:50,6054784,6560509,5.9198246,9.2509,1.06661,28.69574,151,7.08
$2022-03-10 16:03:52,6054637,6560086,5.9238634,7.6369,1.13069,28.68239,150.7,7.08
$2022-03-10 16:03:54,6054515,6559636,5.9287405,9.1561,1.06661,28.71176,150.7,7.08
$2022-03-10 16:03:56,6054368,6559214,5.9327798,7.5843,1.04982,28.71176,150.7,7.08
$2022-03-10 16:03:58,6054232,6558784,5.9371338,8.2292,1.08492,28.73847,150.7,7.08
$2022-03-10 16:04:00,6054090,6558288,5.942378,9.8269,1.03151,28.71176,150.7,7.08
$2022-03-10 16:04:02,6053936,6557746,5.9481325,10.8765,1.11391,28.72511,150.7,7.08
$2022-03-10 16:04:04,6053825,6557237,5.954124,11.2944,1.03151,28.72511,151,7.08
$2022-03-10 16:04:06,6053692,6556755,5.9593225,9.796,1.09865,28.75449,150.7,7.08
$2022-03-10 16:04:08,6053546,6556196,5.9654622,11.6356,1.06661,28.71176,150.7,7.08
$2022-03-10 16:04:10,6053411,6555706,5.9707179,9.8619,1.06661,28.72511,150.7,7.08
$2022-03-10 16:04:12,6053238,6555202,5.9755936,9.1523,1.06661,28.72511,150.7,7.08
$2022-03-10 16:04:14,6053114,6554751,5.9804621,9.1956,1.08492,28.73847,150.7,7.08
$2022-03-10 16:04:16,6052962,6554304,5.9848337,8.2763,1.04982,28.75449,150.7,7.08
$2022-03-10 16:04:18,6052805,6553837,5.9893923,8.6102,1.06661,28.72511,150.7,7.08
$2022-03-10 16:04:20,6052650,6553435,5.99299,6.8023,1.06813,28.76784,150.7,7.08
$2022-03-10 16:04:22,6052510,6552990,5.9975157,8.5569,1.09865,28.75449,150.7,7.08
$2022-03-10 16:04:24,6052351,6552527,6.001977,8.4351,1.06661,28.75449,150.7,7.08
$2022-03-10 16:04:28,6052011,6551610,6.010396,7.0284,1.08492,28.73847,150.7,7.08
$2022-03-10 16:04:30,6051889,6551198,6.0147142,8.17,1.06813,28.78119,150.7,7.08
$2022-03-10 16:04:32,6051718,6550773,6.0184016,6.97,1.11391,28.75449,150.7,7.08
$2022-03-10 16:04:34,6051589,6550347,6.0228238,8.3537,1.04982,28.75449,150.7,7.08
$2022-03-10 16:04:36,6051442,6549917,6.0269995,7.8971,1.01778,28.76784,150.7,7.08
$2022-03-10 16:04:38,6051281,6549485,6.0309701,7.5026,1.11391,28.73847,150.7,7.08
$2022-03-10 16:04:40,6051109,6549060,6.0346627,6.9171,1.04982,28.76784,150.7,7.08
$2022-03-10 16:04:42,6050963,6548640,6.0386844,7.5756,1.09865,28.79454,150.7,7.08
$2022-03-10 16:04:44,6050818,6548220,6.0427251,7.625,1.06813,28.76784,150.7,7.08
$2022-03-10 16:04:46,6050667,6547791,6.0468292,7.7195,1.06813,28.78119,150.7,7.08
$2022-03-10 16:04:48,6050526,6547353,6.0512433,8.3034,1.06813,28.78119,150.7,7.08
$2022-03-10 16:04:50,6050395,6546914,6.0558314,8.3856,1.03609,28.81056,151,7.08
$2022-03-10 16:04:52,6050220,6546444,6.0601482,8.1698,1.06813,28.79454,150.7,7.08
$2022-03-10 16:04:54,6050069,6546001,6.0644708,8.1774,1.04982,28.78119,150.7,7.08
$2022-03-10 16:04:56,6049898,6545549,6.0686073,7.7667,1.05287,28.81056,150.7,7.08
$2022-03-10 16:04:58,6049753,6545118,6.0728335,7.9759,1.03456,28.79454,151,7.08
$2022-03-10 16:05:00,6049625,6544730,6.0766859,7.2498,1.06813,28.81056,150.7,7.08
$2022-03-10 16:05:02,6049494,6544313,6.0809307,7.9659,1.09865,28.79454,150.7,7.08
$2022-03-10 16:05:04,6049365,6543864,6.0857105,9.0383,1.03609,28.82391,150.7,7.08
$2022-03-10 16:05:06,6049202,6543425,6.0897813,7.693,1.06813,28.83727,151,7.08
$2022-03-10 16:05:08,6049055,6542985,6.0941033,8.1689,1.05287,28.81056,150.7,7.08
$2022-03-10 16:05:10,6048900,6542535,6.0984702,8.2485,1.03609,28.81056,151,7.08
$2022-03-10 16:05:12,6048739,6542119,6.102212,7.0528,1.06813,28.81056,150.7,7.08
$2022-03-10 16:05:14,6048623,6541683,6.1069908,9.0598,1.06813,28.82391,150.7,7.08
$2022-03-10 16:05:16,6048459,6541245,6.1110153,7.5936,1.01778,28.81056,150.7,7.08
$2022-03-10 16:05:18,6048327,6540835,6.1151237,7.4682,1.06813,28.81056,150.7,7.08
$2022-03-10 16:05:20,6048160,6540346,6.1198759,8.9035,1.05287,28.81056,150.7,7.08
$2022-03-10 16:05:22,6048024,6539843,6.1253748,10.2801,1.10018,28.82391,151,7.08
$2022-03-10 16:05:24,6047876,6539325,6.130867,10.3886,1.09865,28.81056,150.7,7.08
$2022-03-10 16:05:26,6047729,6538769,6.1369705,11.5353,1.0071,28.85062,150.7,7.08
$2022-03-10 16:05:31,6047418,6537500,6.151268,11.8274,1.05287,28.82391,150.7,7.08
$2022-03-10 16:05:33,6047263,6536933,6.1574154,11.6498,1.05287,28.83727,150.7,7.08
$2022-03-10 16:05:35,6047118,6536345,6.1640577,12.5638,1.08644,28.83727,150.7,7.08
$2022-03-10 16:05:37,6046976,6535781,6.1703653,11.9127,1.05287,28.82391,151,7.08
$2022-03-10 16:05:39,6046836,6535296,6.1755137,9.7142,1.06813,28.83727,151,7.08
$2022-03-10 16:05:41,6046706,6534860,6.1801085,8.6764,1.07118,28.86931,151,7.08
$2022-03-10 16:05:43,6046553,6534414,6.1844268,8.1605,1.0071,28.83727,151,7.08
$2022-03-10 16:05:45,6046389,6533960,6.1886997,8.0683,1.0544,28.86931,151,7.08
$2022-03-10 16:05:47,6046255,6533563,6.1925983,7.3791,1.03609,28.83727,150.7,7.08
$2022-03-10 16:05:49,6046117,6533113,6.1972508,8.7956,1.10018,28.85062,150.7,7.08
$2022-03-10 16:05:51,6045969,6532722,6.2008219,6.7612,1.03609,28.86931,150.7,7.08
$2022-03-10 16:05:53,6045832,6532336,6.2045016,6.9143,1.0071,28.86931,150.7,7.08
$2022-03-10 16:05:55,6045688,6531918,6.2085419,7.6196,1.08644,28.86931,150.7,7.08
$2022-03-10 16:05:57,6045551,6531531,6.2122412,6.9993,1.07118,28.88266,150.7,7.08
$2022-03-10 16:05:59,6045418,6531124,6.2163072,7.6421,1.0544,28.88266,150.7,7.08
$2022-03-10 16:06:01,6045272,6530725,6.2200441,7.0709,1.08644,28.85062,150.7,7.08
$2022-03-10 16:06:03,6045151,6530325,6.224174,7.8258,1.08644,28.85062,150.7,7.08
$2022-03-10 16:06:05,6045007,6529886,6.2285671,8.2654,1.03609,28.88266,150.7,7.08
$2022-03-10 16:06:07,6044859,6529508,6.2319307,6.368,1.07118,28.88266,150.7,7.08
$2022-03-10 16:06:09,6044735,6529154,6.2353268,6.4196,1.0544,28.88266,150.7,7.08
$2022-03-10 16:06:11,6044604,6528783,6.2388964,6.7674,1.08949,28.90936,150.7,7.08
$2022-03-10 16:06:13,6044462,6528369,6.2429352,7.6164,1.07118,28.90936,150.7,7.08
$2022-03-10 16:06:15,6044335,6527990,6.2466784,7.0313,1.0544,28.89601,150.7,7.08
$2022-03-10 16:06:17,6044196,6527595,6.2504725,7.1746,1.03609,28.88266,150.7,7.08
$2022-03-10 16:06:19,6044072,6527211,6.2543244,7.2767,1.0544,28.88266,150.7,7.08
$2022-03-10 16:06:21,6043939,6526815,6.2582083,7.3354,1.03914,28.89601,150.7,7.08
$2022-03-10 16:06:23,6043800,6526412,6.2621632,7.4252,1.07118,28.89601,150.7,7.08
$2022-03-10 16:06:25,6043680,6525992,6.2666378,8.4733,1.0544,28.89601,150.7,7.08
$2022-03-10 16:06:27,6043501,6525549,6.2705154,7.3458,1.0544,28.90936,150.7,7.08
$2022-03-10 16:06:29,6043377,6525162,6.2744303,7.4209,1.07118,28.90936,150.7,7.08
$2022-03-10 16:06:34,6043089,6524237,6.283875,7.8764,1.02083,28.90936,150.7,7.08
$2022-03-10 16:06:36,6042958,6523813,6.2882333,8.2253,1.07118,28.89601,150.7,7.08
$2022-03-10 16:06:38,6042821,6523411,6.2921481,7.4145,1.03914,28.89601,150.7,7.08
$2022-03-10 16:06:40,6042693,6523004,6.2963195,7.9072,1.03914,28.90936,150.7,7.08
$2022-03-10 16:06:42,6042564,6522625,6.3000216,7.0055,1.03914,28.90936,150.7,7.08
$2022-03-10 16:06:44,6042425,6522254,6.3034348,6.4688,1.03914,28.92539,150.7,7.08
$2022-03-10 16:06:46,6042311,6521892,6.307137,7.0153,1.0544,28.90936,150.7,7.08
$2022-03-10 16:06:48,6042166,6521452,6.3115077,8.2796,1.0544,28.89601,150.7,7.08
$2022-03-10 16:06:50,6042049,6521045,6.3158708,8.2484,1.03914,28.92539,150.7,7.08
$2022-03-10 16:06:52,6041899,6520550,6.3210125,9.7583,1.03914,28.93874,150.7,7.08
$2022-03-10 16:06:54,6041760,6520042,6.3265319,10.4752,1.03914,28.93874,150.3,7.08
$2022-03-10 16:06:56,6041663,6519497,6.3333044,12.8516,1.02235,28.93874,150.7,7.08
$2022-03-10 16:06:58,6041513,6518937,6.3394666,11.6616,1.07271,28.95209,150.7,7.08
$2022-03-10 16:07:00,6041296,6518368,6.3446321,9.7418,1.00862,28.93874,150.3,7.08
$2022-03-10 16:07:02,6039530,6515347,6.361784,32.669,1.05745,28.95209,149.6,7.08
$2022-03-10 16:07:04,6035974,6512040,6.3536839,-15.5038,1.78225,28.93874,149.6,7.08
$2022-03-10 16:07:06,6034894,6511187,6.3489752,-8.9303,5.7557,28.95209,149.6,7.08
$2022-03-10 16:07:08,6034316,6510649,6.3476772,-2.4762,9.01808,28.95209,149.6,7.08
$2022-03-10 16:07:10,6033918,6510263,6.3470545,-1.1809,10.98802,28.95209,149.6,7.08
$2022-03-10 16:07:12,6033600,6509972,6.3462763,-1.4849,12.32471,28.95209,149.6,7.08
$2022-03-10 16:07:14,6033321,6509684,6.3460903,-0.3521,13.18837,28.95209,149.6,7.08
$2022-03-10 16:07:16,6033083,6509445,6.3458591,-0.4424,13.71176,28.96544,149.3,7.08
$2022-03-10 16:07:18,6032863,6509228,6.345583,-0.5268,14.09628,28.98146,149.6,7.08
$2022-03-10 16:07:20,6032668,6508994,6.3459873,0.7731,14.3801,28.96544,149.3,7.08
$2022-03-10 16:07:22,6032465,6508768,6.3461351,0.2818,14.55711,28.98146,149.3,7.08
$2022-03-10 16:07:24,6032269,6508534,6.3465142,0.725,14.69902,28.96544,149.3,7.08
$2022-03-10 16:07:26,6032046,6508302,6.3464308,-0.1582,14.93706,28.98146,149.3,7.07
$2022-03-10 16:07:28,6031889,6508153,6.3461804,-0.4785,15.00115,28.98146,149.3,7.08
$2022-03-10 16:07:30,6031711,6507939,6.3465333,0.6737,15.15831,28.98146,149.3,7.08
$2022-03-10 16:07:32,6031556,6507767,6.3466492,0.2211,15.22545,28.98146,149.6,7.08
$2022-03-10 16:08:10,6030596,6505282,6.3034282,46.1476,13.05714,28.93874,164.5,7.04
$2022-03-10 16:08:12,6030622,6505724,6.3128247,17.6536,14.20462,28.92539,151.3,7.04
$2022-03-10 16:08:14,6030854,6506051,6.3211918,15.6917,14.86992,28.89601,151.3,7.04
$2022-03-10 16:08:16,6031095,6506361,6.3268399,10.2197,15.28496,28.89601,151,7.04
$2022-03-10 16:08:18,6031381,6506697,6.3309789,2.9287,15.53826,28.86931,150.7,7.05
$2022-03-10 16:08:23,6032236,6507732,6.3327394,3.3227,16.06317,28.88266,150.7,7.07
$2022-03-10 16:08:25,6032559,6508110,6.3349562,4.1922,16.1593,28.85062,151,7.07
$2022-03-10 16:08:27,6032938,6508532,6.3368959,3.6717,16.19135,28.85062,151,7.07
$2022-03-10 16:08:29,6033314,6508958,6.3383098,2.6741,16.22034,28.83727,151,7.07
$2022-03-10 16:08:31,6033681,6509356,6.3397236,2.6709,16.17304,28.82391,151,7.07
$2022-03-10 16:08:33,6034019,6509771,6.340167,0.8387,16.20203,28.82391,151,7.07
$2022-03-10 16:08:35,6034331,6510153,6.3404942,0.6215,16.15625,28.82391,150.3,7.07
$2022-03-10 16:08:37,6034659,6510492,6.3416185,2.1301,16.25238,28.82391,150.7,7.07
$2022-03-10 16:08:39,6034945,6510860,6.3415027,-0.2194,16.21881,28.81056,150.7,7.07
$2022-03-10 16:08:41,6035219,6511155,6.3422351,1.3823,16.20508,28.85062,150.7,7.07
$2022-03-10 16:08:43,6035503,6511453,6.3430066,1.4514,16.23713,28.83727,150.7,7.07
$2022-03-10 16:08:45,6035738,6511708,6.3435397,1.0101,16.23713,28.81056,150.7,7.07
$2022-03-10 16:08:47,6035980,6511953,6.3442917,1.4113,16.30121,28.85062,150.7,7.07
$2022-03-10 16:08:49,6036151,6512136,6.3447862,0.9339,16.36225,28.82391,150.7,7.07
$2022-03-10 16:08:51,6036316,6512300,6.3454161,1.1936,16.4126,28.83727,150.7,7.07
$2022-03-10 16:08:53,6036494,6512496,6.3457246,0.5845,16.50721,28.82391,150.7,7.07
$2022-03-10 16:08:55,6036640,6512647,6.3461542,0.8064,16.50721,28.79454,150.7,7.07
$2022-03-10 16:08:57,6036740,6512759,6.3464055,0.4747,16.49043,28.82391,150.7,7.07
$2022-03-10 16:08:59,6036831,6512882,6.3463278,-0.1475,16.52247,28.85062,150.7,7.07
$2022-03-10 16:09:01,6036923,6512976,6.3467073,0.7184,16.5713,28.83727,150.7,7.07
$2022-03-10 16:09:03,6036971,6513051,6.3466043,-0.1951,16.65065,28.83727,150.7,7.07
$2022-03-10 16:09:05,6037077,6513160,6.3469319,0.6215,16.76051,28.83727,150.7,7.07
$2022-03-10 16:09:07,6037128,6513237,6.3468227,-0.2069,16.63539,28.85062,150.7,7.07
$2022-03-10 16:09:09,6037167,6513262,6.3538699,13.2739,16.52247,28.86931,150.7,7.07
$2022-03-10 16:09:11,6037167,6513277,6.3535938,-0.5195,16.44312,28.85062,150.7,7.07
$2022-03-10 16:09:13,6037168,6513243,6.3540826,0.9261,16.44312,28.86931,150.7,7.07
$2022-03-10 16:09:15,6037125,6513187,6.3541913,0.1994,16.42939,28.83727,150.7,7.07
$2022-03-10 16:09:17,6037053,6513124,6.353941,-0.4747,16.4126,28.83727,151,7.07
$2022-03-10 16:09:19,6037023,6513091,6.3539214,-0.0371,16.58656,28.83727,150.7,7.07
$2022-03-10 16:09:21,6037000,6513044,6.3542686,0.6528,16.63539,28.86931,150.7,7.07
$2022-03-10 16:09:23,6036923,6512947,6.354455,0.3517,16.66896,28.86931,150.7,7.07
$2022-03-10 16:09:25,6036844,6512870,6.3543396,-0.2187,16.69642,28.85062,150.7,7.07
$2022-03-10 16:09:27,6036789,6512806,6.354423,0.1582,16.73152,28.86931,150.7,7.08
$2022-03-10 16:09:29,6036726,6512694,6.3550844,1.2409,16.65065,28.85062,151,7.08
$2022-03-10 16:09:34,6036480,6512430,6.355104,0.0163,16.6537,28.88266,150.7,7.07
$2022-03-10 16:09:36,6036407,6512356,6.3550587,-0.0858,16.73152,28.88266,151,7.07
$2022-03-10 16:09:38,6036317,6512235,6.3554573,0.7555,16.71473,28.88266,150.7,7.07
$2022-03-10 16:09:40,6036188,6512120,6.3551097,-0.658,16.71473,28.89601,151,7.07
$2022-03-10 16:09:42,6036075,6511991,6.3552766,0.3158,16.68269,28.88266,150.7,7.07
$2022-03-10 16:09:44,6035968,6511866,6.3554444,0.3182,16.66896,28.88266,150.7,7.07
$2022-03-10 16:09:46,6035845,6511738,6.3553796,-0.1227,16.66896,28.88266,150.7,7.07
$2022-03-10 16:09:48,6035725,6511603,6.3554959,0.2206,16.73152,28.88266,150.7,7.07
$2022-03-10 16:09:50,6035602,6511451,6.3558168,0.6043,16.69948,28.88266,151,7.07
$2022-03-10 16:09:52,6035483,6511316,6.3559518,0.2533,16.76356,28.89601,151,7.07
$2022-03-10 16:09:54,6035318,6511152,6.3557653,-0.3535,16.71473,28.89601,150.7,7.08
$2022-03-10 16:09:56,6035184,6511000,6.3559256,0.2899,16.76356,28.90936,150.7,7.07
$2022-03-10 16:09:58,6035022,6510836,6.3558102,-0.2178,16.74983,28.89601,150.7,7.07
$2022-03-10 16:10:00,6034871,6510658,6.3560548,0.4627,16.81392,28.90936,151,7.07
$2022-03-10 16:10:02,6034692,6510443,6.3564463,0.7421,16.91005,28.92539,150.7,7.07
$2022-03-10 16:10:04,6034596,6510343,6.3564591,0.0243,16.95583,28.92539,151,7.07
