date,Isig,Iref,TEMP,RH,FR,INDEX,elapsed_time,Iref_smooth,Isig_smooth,FR_smooth,ATN,BC,Iref_temp,Isig_temp,Iref_temp_smooth,Isig_temp_smooth,ATN_temp,BC_temp,event,location
2022-04-12 11:00:00,2711.25,2567.6,21.943,31.0925,130.596,5.5,0.0,2556.8776968507927,2699.9044543912833,131.1601046066936,0.007040860252238568,0.2042588932592609,2491.063894022193,2630.2877547761564,2493.822759641339,2632.9949065029123,0.0071425854140178754,0.16456684107290215,1,Roseland St
2022-04-12 12:00:00,2747.9,2602.95,20.2715,35.844,130.1865,5.5,3600.0,2580.4817248072745,2724.779086393878,130.4991102423093,0.008872605239603022,0.08821877573250256,2485.6316654969705,2624.469105072144,2488.537849943433,2627.7633061503693,-0.006107950071647557,0.011133717388802174,1,Roseland St
2022-04-12 13:00:00,2715.4,2572.05,21.7635,34.1365,130.522,5.5,7200.0,2582.1277450291373,2726.1978533015154,130.43678050812665,0.020591551411674104,0.026304359338743533,2491.0548779883547,2629.8159756823966,2489.0836675322053,2628.0500230426887,0.00491213681080318,0.04898767056219179,1,Roseland St
2022-04-12 14:00:00,2740.65,2595.5,20.569,33.643,130.496,5.5,10800.0,2588.829380477696,2733.281483835644,130.40416312003185,0.02029467737245869,-0.0007579058744307699,2485.454633493125,2624.775959174194,2487.1993033244735,2626.188588141381,3.31103499642796e-05,-0.012696997759854172,1,Roseland St
2022-04-12 15:00:00,2720.25,2576.7,21.5275,32.083,130.46949999999998,5.5,14400.0,2584.4124688606266,2728.3573374739067,130.4914236172312,0.029852351968692327,-0.00988170152072439,2489.9455680286023,2628.6774961871606,2488.4785529985325,2627.211385355814,0.012514849305337741,0.004344106902177888,1,Roseland St
2022-04-12 16:00:00,2689.2,2547.3,23.0855,29.777499999999996,130.72750000000002,5.5,18000.0,2579.2289459739977,2723.1182849913685,130.56549601534442,0.021291290240222787,0.019299955449647986,2498.5709252470006,2637.2327152075395,2489.4151024867515,2628.3423199196577,0.0071039779259887805,0.08238244831073525,1,Roseland St
2022-04-12 17:00:00,2670.05,2528.5,23.878,27.177,130.774,5.5,21600.0,2559.076611047905,2701.8822774848927,130.65350380824623,0.01979049585943846,-0.0439762786810807,2499.24142000132,2638.353803231831,2494.436337585752,2633.3361326820473,0.018785227065953675,0.010443268714527615,1,Roseland St
2022-04-12 18:00:00,2684.8,2542.7,23.166999999999998,26.6185,130.46949999999998,5.5,25200.0,2540.8798675745957,2683.1699131801693,130.69594266649563,0.001162601947027935,0.05130178848619384,2496.0145894671723,2634.9569895642844,2497.4534769091474,2636.7124423038235,0.01153579160279453,0.04741102950279764,1,Roseland St
2022-04-12 19:00:00,2725.95,2581.5,21.2595,28.752999999999997,130.4205,5.5,28800.0,2543.30971229918,2685.4769935741165,130.60290398062983,0.01079401291886536,-0.035583803691614645,2488.2587199950126,2627.5819851625997,2496.2478659748167,2635.2377186576473,0.01919710561674388,-0.10195854664945744,1,Roseland St
2022-04-12 20:00:00,2768.3,2623.15,19.2085,31.153499999999998,131.074,5.5,32400.0,2569.7621373225875,2713.1911547479167,130.56629190079363,0.01877980850283269,0.1490926569545131,2480.1333153343026,2618.1361548457057,2490.4007102171045,2629.300481725917,0.010239355499307875,0.05308255268176593,1,Roseland St
2022-04-12 21:00:00,2797.05,2649.6,17.8835,32.994,131.616,5.5,36000.0,2605.92216867037,2750.94553328203,130.84651131829983,0.03420270360690346,-0.017081297832718355,2474.6223616945495,2613.5236042640418,2483.3168142334625,2622.0037092795933,0.003286101992335018,-0.09137094576404346,1,Roseland St
2022-04-12 22:00:00,2830.45,2681.0,16.3875,35.2045,131.945,5.5,39600.0,2640.285151884128,2787.1220539164988,131.3670414670679,0.037729018978425316,-0.02013959643714632,2469.984859569344,2609.3127945580773,2476.7647610049175,2615.541124106245,-0.014120708390805809,-0.08510605480303181,1,Roseland St
2022-04-12 23:00:00,2857.6,2708.0,15.1655,36.209,131.6345,5.5,43200.0,2669.922632512821,2818.1956605610803,131.67298734535007,0.04527523258934778,0.07364292531781982,2467.513329243093,2605.8294543956686,2471.9314839724157,2610.684870345222,-0.023616839108511475,0.01576044703156106,1,Roseland St
2022-04-13 00:00:00,2873.65,2723.1,14.4595,35.9185,131.344,5.5,46800.0,2696.2558973695036,2845.673425835569,131.70445024103023,0.05644529386055237,0.041150917503278005,2465.6638536165747,2604.189104109959,2468.5795593772614,2607.2249909126135,-0.02669196850644242,0.002008628008771157,1,Roseland St
2022-04-13 01:00:00,2889.7,2737.35,13.745500000000002,36.672000000000004,130.9245,5.5,50400.0,2716.856854669235,2867.368904050778,131.42433633624415,0.058082861687183504,-0.043511428815827834,2462.8939945701777,2602.3819822505757,2466.019110824544,2604.7609866992434,-0.03591456629488698,-0.07369515181490034,1,Roseland St
2022-04-13 02:00:00,2910.45,2757.55,12.8135,35.564499999999995,130.5605,5.5,54000.0,2733.4338395941395,2885.065514952006,131.10199166261498,0.0511051048301633,-0.01436182499398651,2460.757795467197,2599.8781231703992,2463.7908816714,2602.8181336997623,-0.05169621860058957,-0.048719647559541945,1,Roseland St
2022-04-13 03:00:00,2933.6,2780.8,11.675,36.623000000000005,130.997,5.5,57600.0,2751.110907771799,2903.613551524212,130.8504239956362,0.054872969453307496,0.1101665028994689,2456.9360185816367,2594.9310521297675,2461.072363120203,2600.0964251474343,-0.057472572754025085,0.06653020201881624,1,Roseland St
2022-04-13 04:00:00,2964.0,2810.5,10.355,38.7855,131.072,5.5,61200.0,2774.0367190442416,2926.8862258956533,130.9134939841053,0.08642344044948179,0.12647914650442996,2454.9957095855816,2592.4282076958903,2458.4154832374834,2596.775372904406,-0.03767608979026043,0.07583281741443919,1,Roseland St
2022-04-13 05:00:00,2977.2,2822.65,9.741,41.5305,130.9315,5.5,64800.0,2797.845065374265,2951.1499180623578,131.0246031188974,0.11545810933193006,0.048950886268710574,2452.6597995553266,2590.463152181856,2455.7646735455273,2593.5278509517457,-0.02042405848759766,0.014428861121563729,1,Roseland St
2022-04-13 06:00:00,2965.0,2807.3,10.4,40.179500000000004,130.76600000000002,5.5,68400.0,2813.0471494988274,2967.7151336876777,131.03851270548344,0.09760736081146856,-0.3115978353747439,2453.1496276924163,2594.2947280770973,2453.8201724391174,2592.129255058245,-0.0456964987238002,-0.3053845995990153,1,Roseland St
2022-04-13 07:00:00,2863.7,2711.6,15.161000000000001,34.433499999999995,130.66649999999998,5.5,72000.0,2800.481159398477,2955.9050789508296,130.81603808824582,0.04859263696194856,-0.1870372541151084,2470.7887546418706,2611.381107839811,2455.8202242286375,2595.3511757362116,-0.08843546215022216,-0.05590532666667081,1,Roseland St
2022-04-13 08:00:00,2785.0,2636.85,18.5785,28.895,130.679,5.5,75600.0,2742.4342226290573,2896.244982570529,130.74589231616181,-0.006947568924567607,-0.01811231447157614,2478.5515967008278,2618.773771850848,2463.879356815345,2604.507741273971,-0.11300221574027455,0.14380702600868178,1,Roseland St
2022-04-13 09:00:00,2748.181818181818,2600.7272727272725,20.39818181818182,26.022727272727273,130.82181818181817,5.136363636363637,79200.0,2668.8921884762403,2818.9335443855953,130.7407493620927,-0.01956054222262469,-0.0979531983607433,2486.458433952548,2627.8192480842235,2475.416021840103,2615.982270838445,-0.08546471556597633,0.011564628232208503,1,Roseland St
2022-04-13 10:00:00,2717.2727272727275,2571.6363636363635,21.829545454545453,23.481818181818184,130.97545454545454,5.318181818181818,82800.0,2611.9882465999053,2759.4430630217253,130.78268907226882,-0.04172656964736235,0.011979396897152172,2492.215832010739,2633.262509123156,2484.263932457477,2625.072822959493,-0.07556175333803272,0.08555666869668582,1,Roseland St
2022-04-13 11:00:00,2649.2272727272725,2506.181818181818,25.188636363636363,21.51409090909091,130.7009090909091,5.5,86400.0,2573.4333846952677,2719.4675448180933,130.81168716530232,-0.06956351063831513,-0.14868125818835634,2509.2629426191543,2651.197288396479,2492.3858376533667,2633.7488056481598,-0.07911803597248539,-0.021296219045630803,1,Roseland St
2022-04-13 12:00:00,2570.9545454545455,2433.5,28.792727272727276,19.854545454545455,130.65318181818182,5.681818181818182,90000.0,2519.005460605797,2662.128736267469,130.7756924839999,-0.07619800645476066,0.10455754067292443,2526.12262338223,2666.1668955280684,2505.5940139484755,2646.8907501814333,-0.04833713112200055,0.28149729755438496,1,Roseland St
2022-04-13 13:00:00,2558.7272727272725,2420.4545454545455,29.37909090909091,19.19454545454545,130.49863636363636,5.863636363636363,93600.0,2461.266960378503,2601.220693751297,130.73622622055726,-0.0804602910432606,-0.09931697683451929,2527.727878020602,2669.248281512458,2519.056393780112,2660.1695941514245,-0.012898286459495397,-0.01919813978645323,1,Roseland St
2022-04-13 14:00:00,2544.15,2408.55,30.1,18.329,130.7225,5.5,97200.0,2425.360363927178,2563.196215723254,130.6416709157368,-0.07748536556679321,0.15439564071242676,2534.1117406050344,2673.5937950583257,2527.1264422395684,2667.9510714239786,0.014868008634745961,0.19926950467515114,1,Roseland St
2022-04-13 15:00:00,2533.25,2398.5,30.492,18.5,130.90900000000002,5.5,100800.0,2411.6275853470233,2548.1708553236817,130.73499956380073,-0.05738266833244512,0.15294434510627244,2533.7910339011546,2672.801053865912,2530.6085465194815,2670.808408975622,0.04552057423252961,0.18316522145182842,1,Roseland St
2022-04-13 16:00:00,2543.2,2407.55,29.987000000000002,19.104,130.456,5.5,104400.0,2404.3734556893623,2539.7118994538287,130.718777712228,-0.026121645796011506,0.025579617572737284,2530.0762601424403,2669.4894704698827,2532.811231061748,2672.1462150440325,0.08244878179977094,0.01756654032533812,1,Roseland St
2022-04-13 17:00:00,2592.9,2454.1,27.654000000000003,22.2665,130.75,5.5,108000.0,2411.147041528876,2546.9019426935747,130.71293979138994,-0.02749698355794502,-0.062196364875003254,2518.2316477125923,2658.4599794437977,2530.2402014250706,2669.6138373738963,0.07569689538366486,-0.15176733994368902,1,Roseland St
2022-04-13 18:00:00,2645.25,2503.6,25.1025,27.413,130.9725,5.5,111600.0,2440.813774192173,2578.5881349733327,130.70094600497276,-0.041038443421072046,-0.05907555075565853,2504.4944548992266,2644.9477408141074,2521.5872920556203,2661.4417907247234,0.039710341708871125,-0.1857345971731131,1,Roseland St
2022-04-13 19:00:00,2709.3,2565.6,22.073,33.946,130.9,5.5,115200.0,2488.586267689571,2629.2404709315683,130.83817896604984,-0.04806544673516982,0.13892699387008106,2492.166320618902,2631.573200403308,2509.298766220904,2649.578247503434,-0.002052770077100801,-0.010591398837991406,1,Roseland St
2022-04-13 20:00:00,2746.05,2601.15,20.325499999999998,39.173,130.5485,5.5,118800.0,2540.373882940735,2683.1586917040545,130.87200183011038,-0.018379601403658265,0.13395966039726562,2485.1619687807906,2624.010734584789,2497.36312107196,2637.122144543283,-0.00761850846289097,0.02169053248674619,1,Roseland St
2022-04-13 21:00:00,2764.75,2619.2,19.456,42.2275,130.6605,5.5,122400.0,2583.920299128447,2728.329746899462,130.76505994773606,0.011779547855822036,0.12124894332487848,2482.1151333392345,2620.7306930007007,2488.4677265557234,2627.674190036499,-0.005530900997386994,0.05939901799978624,1,Roseland St
2022-04-13 22:00:00,2797.4,2648.75,17.8805,36.0435,130.64100000000002,5.5,126000.0,2613.1986763778373,2758.9225793502505,130.66323718814212,0.023485912677225444,-0.06644359342084413,2473.7880047689005,2613.8004594142844,2482.513901830077,2621.548820545607,-0.011698570958002844,-0.12806075411720289,1,Roseland St
2022-04-13 23:00:00,2861.15,2708.45,15.014,37.759,130.767,5.5,129600.0,2644.5090171964657,2792.4221197339543,130.6765150037235,0.007643642487174693,-0.09236611533556995,2464.583973156532,2605.5874834460146,2475.960928836021,2615.5242205753148,-0.04594459016173939,-0.1946157564429915,1,Roseland St
2022-04-14 00:00:00,2899.2,2746.6,13.2785,41.072500000000005,130.8135,5.5,133200.0,2685.4548509690926,2836.241176958053,130.78308515935268,-0.012961101224092168,0.19637064105044227,2461.0379173649662,2600.3178227453163,2468.502952865392,2608.811805727548,-0.0906401201399126,0.10016978777068922,1,Roseland St
2022-04-14 01:00:00,2919.6,2765.75,12.366,43.5195,130.693,5.5,136800.0,2728.7261910031484,2881.4129583606054,130.78883785104668,0.005404011623444208,0.040903725521036105,2458.41121618303,2597.9688551859026,2462.530934009532,2602.643870212245,-0.09615285717934388,-0.011846979635403107,1,Roseland St
2022-04-14 02:00:00,2929.7,2776.25,11.8985,44.7825,130.65550000000002,5.5,140400.0,2756.644976349546,2909.8114739720763,130.8024525234107,0.04260104651841015,0.07515329826080105,2457.692290997546,2596.4668426091894,2459.6341326863553,2598.98048061364,-0.07300047954394981,0.047517013468410266,1,Roseland St
2022-04-14 03:00:00,2938.15,2784.8,11.513,46.3575,131.2835,5.5,144000.0,2772.1979607402495,2925.5056832407436,130.7848272725227,0.06731694045296807,0.09616478502303467,2457.0078412346757,2595.3435318778725,2458.073778239862,2596.8917208765674,-0.05605880853174271,0.07930009687734682,1,Roseland St
2022-04-14 04:00:00,2944.3,2790.9,11.1935,47.638999999999996,131.049,5.5,147600.0,2781.3749159329172,2934.828806126176,130.9698153394334,0.07962827201453788,0.06839765076163166,2455.5769554874337,2593.6675272283146,2456.9839368597013,2595.538348824705,-0.04827713506512779,0.05530673150174433,1,Roseland St
2022-04-14 05:00:00,2950.65,2797.15,10.955,48.8315,130.84949999999998,5.5,151200.0,2788.886032106737,2942.209997412124,131.02800925268784,0.09812793654653404,0.01720031141551699,2456.0036375761374,2593.9699724375246,2456.1782616068162,2594.303501110027,-0.03348682227800469,0.007685556045273695,1,Roseland St
2022-04-14 06:00:00,2941.3,2788.1,11.4055,49.406,130.4315,5.5,154800.0,2792.7551263020237,2946.3076225953787,130.95513004838898,0.09759291914549253,0.04404977178539875,2457.6272885322455,2595.735342975724,2456.015676125349,2594.1916039566704,-0.03579344450679241,0.05309867110857978,1,Roseland St
2022-04-14 07:00:00,2927.25,2775.55,12.0405,49.4155,130.3065,5.5,158400.0,2789.8128697823877,2942.791481620073,130.6866415521369,0.11159621852681918,0.0611696645001877,2460.1150413002238,2597.466564727015,2457.3411367310887,2595.17672112695,-0.019806838965572074,0.0842929613595634,1,Roseland St
2022-04-14 08:00:00,2907.8,2755.9,12.9445,48.713,130.87449999999998,5.5,162000.0,2779.0868154530967,2931.693946649375,130.54543968690558,0.10420849869375019,-0.03911886714035652,2462.1204699081595,2600.4681085411416,2458.9747028899465,2596.949585610099,-0.021643408902897943,-0.004439060617846496,1,Roseland St
2022-04-14 09:00:00,2883.05,2732.2,14.0905,47.4305,130.624,5.5,165600.0,2761.5849137684354,2913.385101074742,130.61172005865052,0.09890533382116046,-0.05529682553775024,2465.7925045499355,2604.247589562079,2461.631481088947,2599.659298380117,-0.01794351358895735,-0.010696734514378387,1,Roseland St
2022-04-14 10:00:00,2864.95,2714.6,14.9055,46.193,130.5955,5.5,169200.0,2741.451932594156,2892.680639616271,130.673496848939,0.08039777857466474,-0.028862811861810868,2467.775133504184,2606.5328391419125,2464.1510635001755,2602.528502343733,-0.02594885634679748,0.012641486864980378,1,Roseland St
2022-04-14 11:00:00,2845.8,2697.2,15.765,44.932,130.774,5.5,172800.0,2721.357411407306,2871.753075417567,130.67757216351902,0.07081974258096042,0.020392709748419953,2470.9627769085187,2608.9234579529175,2466.9497012379675,2605.4553008608877,-0.024837966779962133,0.06002521682113262,1,Roseland St
2022-04-14 12:00:00,2816.6,2669.3,17.133000000000003,42.8625,130.953,5.5,176400.0,2702.057865652111,2851.1753193767204,130.73866431849154,0.07824094372272089,-0.01414432746913553,2475.9419679881485,2613.990433497332,2470.1286253598983,2608.3385278331994,-0.006660548128400163,0.03920133280772854,1,Roseland St
2022-04-14 13:00:00,2794.55,2649.35,18.062,41.316500000000005,131.00799999999998,5.5,180000.0,2679.485439721813,2827.253461986584,130.90561335201556,0.08192798305012065,0.09210447666723465,2478.4571883726803,2615.41920603503,2473.696814701704,2611.683525714024,0.009525287976097311,0.1422981175490371,1,Roseland St
2022-04-14 14:00:00,2801.35,2656.0,17.759,41.4215,130.9395,5.5,183600.0,2661.9897050553927,2808.2729673612253,131.0122831726557,0.1004226898975746,0.1002761016014387,2477.7667312146286,2614.5817956800947,2476.726208852823,2614.1392814544242,0.037932961755834146,0.11197175306582322,1,Roseland St
2022-04-14 15:00:00,2805.6,2660.4,17.482,41.503,130.8795,5.5,187200.0,2654.672160230204,2800.1442407386858,130.97798620046686,0.11502930304070813,0.060888991025891556,2475.573258960592,2611.992721643598,2477.4664928065067,2614.43602016301,0.056468754815898456,0.05123060346452023,1,Roseland St
2022-04-14 16:00:00,2834.9,2685.7,16.226499999999998,43.1395,130.476,5.5,190800.0,2661.961848306767,2807.8228678873097,130.86663040230053,0.11541310223265808,-0.21556170409999081,2470.712628629252,2609.6588346235976,2475.768457092581,2612.7466586647693,0.05254098481069155,-0.25245757197804297,1,Roseland St
2022-04-14 17:00:00,2884.35,2733.9,13.911000000000001,46.354,130.36100000000002,5.5,194400.0,2681.8156914994256,2829.3588483114313,130.65221267956395,0.09440626468667868,-0.028634545230633947,2463.4042699931824,2601.3313618166767,2471.7435361393336,2609.3478011668894,0.020006731300111266,-0.10853801912037311,1,Roseland St
2022-04-14 18:00:00,2918.2,2766.95,12.3855,48.976,130.64749999999998,5.5,198000.0,2715.6599166210017,2865.425508748516,130.5039548798712,0.08182183028491971,0.15944548178312573,2459.898869511806,2597.1618068525377,2466.2661569938127,2604.3871220565043,-0.011545954485921548,0.08154326795747144,1,Roseland St
2022-04-14 19:00:00,2937.8,2786.25,11.4515,51.1205,130.767,5.5,201600.0,2752.0565245517905,2902.950420764053,130.5459329355887,0.11206070709746066,0.13190467403825012,2456.976603791283,2593.666778519184,2461.320197164553,2598.882332325609,-0.0006960817063560067,0.08155974164772965,1,Roseland St
2022-04-14 20:00:00,2944.4,2794.05,11.1075,53.467999999999996,130.724,5.5,205200.0,2776.923552804862,2928.367297687864,130.71499891082172,0.13985021671402417,0.2553366362993586,2456.5217753495544,2591.851669643289,2458.237282307111,2595.234291652746,0.014439046288571006,0.23112128962890727,1,Roseland St
2022-04-14 21:00:00,2649.89375,2519.85625,34.474875,25.402250000000002,73.5239375,0.0,0.0,2647.8097924565573,2787.7346994595296,70.72939837848102,0.08444049519464356,0.6203710843873889,2778.1933220164788,2915.6853049726237,2757.2856998831403,2899.8980173640225,0.3076727330057663,1.3104913329065502,2,Roseland St
2022-04-14 22:00:00,2493.0,2374.5625,41.691874999999996,14.402,75.25095833333333,0.0,3600.0,2467.2113927499495,2593.28838849108,74.09215245489557,0.2526824863303665,0.12234466722574593,2839.4900317892166,2971.6395904387,2795.761544962654,2931.4896982382506,0.609874182820714,0.21654083022034612,2,Roseland St
2022-04-14 23:00:00,2536.8125,2409.0833333333335,35.05604166666667,17.340374999999998,72.608875,0.0,7200.0,2415.445886804673,2538.680070008154,74.5240725090386,0.2600528044778312,-0.10925817332865716,2687.9124326779693,2823.6462760214986,2807.9903324709608,2942.914978614104,0.6574356317049659,-0.12341568654525052,2,Roseland St
2022-04-15 00:00:00,2830.025641025641,2681.4871794871797,16.424871794871795,37.727179487179484,100.1674358974359,2.8205128205128207,10800.0,2417.789954020595,2542.2384020836353,74.38528797714763,0.21699756688624808,-0.2626637409246928,2471.458101010473,2609.96695355104,2757.501891227053,2891.7088025322755,0.5985248286152319,-0.29837426817464474,2,Roseland St
2022-04-15 01:00:00,2939.15,2786.95,11.2755,48.857,130.8405,5.5,14400.0,2440.5951209817845,2569.433620141423,78.00537981315203,0.09200403548891271,-0.6860079212571957,2453.844203902244,2590.952459282731,2690.042949989661,2825.5085135903,0.43689313730123097,-1.0331484514067546,2,Roseland St
2022-04-15 02:00:00,2953.05,2805.25,10.4535,53.974000000000004,131.1275,5.5,18000.0,2628.52342621259,2771.621375128999,94.19851509287926,-0.0640891107775043,-0.49089558170838005,2452.486080348516,2585.0103749249743,2498.5502993255427,2634.678948464435,0.044451416481792114,-1.1486510682869393,2,Roseland St
2022-04-15 03:00:00,2959.35,2811.55,10.1735,57.156000000000006,132.1265,5.5,21600.0,2793.9952909460376,2944.0689004808924,131.20391342231358,0.004000727738043679,0.3454721005072816,2452.085429016598,2584.377139675801,2453.096241262282,2588.0588950311108,-0.004983058968723242,0.3201045450519241,2,Roseland St
2022-04-15 04:00:00,2959.4,2813.6,10.057500000000001,59.538,132.153,5.5,25200.0,2808.1641193915557,2955.8684547220137,131.66297302983108,0.10990441963975675,0.3159819385344602,2451.4322315716695,2581.878466168101,2452.128209413845,2584.456371335191,0.09483756952904789,0.30834380585543114,2,Roseland St
2022-04-15 05:00:00,2966.8,2820.0,9.754,60.7385,131.892,5.5,28800.0,2813.243383792024,2960.1690583634595,132.00992086485803,0.1452375772678986,0.11820179581655019,2450.6330150622844,2581.69782773355,2451.4557704013323,2582.898038511471,0.1277225253199423,0.10952892262082145,2,Roseland St
2022-04-15 06:00:00,2973.85,2828.05,9.3935,61.8365,131.2505,5.5,32400.0,2818.710743532713,2965.0403664829632,131.86443560829622,0.1749662333448952,0.15304055548350742,2450.071798143681,2579.972388667772,2450.79896881518,2581.506422206938,0.15481923746443585,0.14118316594068084,2,Roseland St
2022-04-15 07:00:00,2946.55,2803.7,10.705,62.684000000000005,130.888,5.5,36000.0,2820.8355620174016,2966.4173778195363,131.48127543203242,0.20389413840685772,0.18227064817163224,2456.4546012766705,2584.8652994420277,2451.348936349417,2581.354746734494,0.18313109618023407,0.21157021964255915,2,Roseland St
2022-04-15 08:00:00,2920.85,2772.35,12.0845,57.128,130.96599999999998,5.5,39600.0,2809.074051397996,2954.301421016587,131.1010570120754,0.1953169484673669,-0.560359964719172,2458.2265903852285,2592.780624990245,2453.7114059825553,2583.91361214277,0.18038573368430455,-0.5150176931234454,2,Roseland St
2022-04-15 09:00:00,2878.7619047619046,2727.285714285714,14.260952380952382,47.62380952380953,130.8842857142857,5.285714285714286,43200.0,2780.8676909111446,2927.4832684567846,130.9460431820406,0.09789332836950683,-0.7547305313909762,2465.099927053038,2604.294465368594,2458.0577806762312,2590.6699439352733,0.09625631355800042,-0.6915012328276912,2,Roseland St
2022-04-15 10:00:00,2825.181818181818,2676.4545454545455,16.724999999999998,38.95272727272727,131.40454545454546,5.2272727272727275,46800.0,2737.7073932662915,2887.1232296101703,131.05582892827553,-0.07807861648628546,-0.2641898058394966,2473.363882369088,2612.3460155148405,2463.8700833095213,2600.782175631997,-0.057139623138637186,-0.1691840922053961,2,Roseland St
2022-04-15 11:00:00,2782.409090909091,2635.5,18.746363636363636,33.12863636363637,131.27363636363637,5.409090909090909,50400.0,2690.6053503529424,2839.8499582839327,131.14937350103116,-0.1625201915769018,-0.1090691510432214,2481.1355680136517,2620.3593831871535,2471.3913068111933,2610.2196373865945,-0.11457879226719964,-0.017588057499593166,2,Roseland St
2022-04-15 12:00:00,2752.4545454545455,2607.9545454545455,20.138636363636365,30.75409090909091,131.31954545454545,5.590909090909091,54000.0,2647.613599673501,2794.969573442699,131.26942385554682,-0.1801441985711722,0.022876417283881997,2487.2908066892437,2625.5734004129067,2478.89068460916,2617.95010606867,-0.10733439567844799,0.09376016852900414,2,Roseland St
2022-04-15 13:00:00,2727.818181818182,2583.7272727272725,21.343636363636364,27.645454545454548,131.11545454545455,5.7727272727272725,57600.0,2615.155268945165,2760.518101947546,131.24352864444646,-0.17343334259516005,-0.05969475465821279,2492.37424937827,2631.4420062920517,2485.509540927369,2624.249303760588,-0.08099718599194596,-0.0029122272797919443,2,Roseland St
2022-04-15 14:00:00,2716.2380952380954,2574.1428571428573,21.878095238095238,25.584285714285713,131.29809523809524,5.714285714285714,61200.0,2592.391731677581,2736.490053621246,131.25596413741033,-0.17342629531401826,0.1358691139194253,2495.7970517777962,2633.4557498592853,2490.4412191930573,2629.0859084050767,-0.06691725472773997,0.17342765484266176,2,Roseland St
2022-04-15 15:00:00,2708.2,2566.25,22.267500000000002,24.506,130.9675,5.5,64800.0,2577.7322601004907,2720.726127615928,131.16710880260152,-0.16280277391272605,0.034438351439457004,2497.4252021855036,2635.325955020352,2494.0871652652577,2632.4021674056758,-0.04667892798750728,0.05811973338240488,2,Roseland St
2022-04-15 16:00:00,2705.3,2563.4,22.4185,23.7945,130.916,5.5,68400.0,2569.8386503885154,2712.0868998861356,131.1144337484178,-0.15144976226577317,-0.019145913045876383,2498.264900499028,2636.2660572550285,2496.3596702468126,2634.3608099224584,-0.029983983295503946,-0.005114247751285198,2,Roseland St
2022-04-15 17:00:00,2712.7,2571.7,21.982499999999998,24.188,130.9275,5.5,72000.0,2566.46742409335,2708.2339146642526,130.97981257698913,-0.14056026255092594,0.09627796876416468,2495.9176716760217,2632.6185867320883,2497.266181298151,2634.974011891405,-0.016948817832298672,0.08754329089562837,2,Roseland St
2022-04-15 18:00:00,2743.7,2599.4,20.5285,24.7645,130.70499999999998,5.5,75600.0,2572.4303070261667,2714.3543586945557,130.8669733709798,-0.13422526095392454,-0.09559876203238236,2488.249776444377,2626.717327994892,2495.6851607452677,2633.241893373222,-0.01452387538621051,-0.14375308510850215,2,Roseland St
2022-04-15 19:00:00,2793.2,2646.85,18.192,26.957,130.54149999999998,5.5,79200.0,2594.1234451629302,2737.2591791033806,130.81459670145819,-0.13478242051203282,-0.0528928769130871,2479.094660701189,2617.2552523457925,2490.2593755625217,2627.8974151810144,-0.028998090436490154,-0.14285656856013335,2,Roseland St
2022-04-15 20:00:00,2834.7,2684.15,16.3635,28.303500000000003,130.4845,5.5,82800.0,2629.8129074363487,2775.5847790712724,130.63944383262825,-0.15875051615523625,-0.2171264614276344,2472.351081707927,2612.673760452848,2482.6718017445287,2621.088558087094,-0.07473186633348058,-0.3032157033380574,2,Roseland St
2022-04-15 21:00:00,2859.75,2709.3,15.213999999999999,29.099,130.53199999999998,5.5,86400.0,2668.193884775755,2816.745586351483,130.56020559746278,-0.18197757343089332,0.0595220477268454,2469.776233929224,2608.912007660064,2475.421445758094,2614.6375902360187,-0.12076232823360403,-0.005932762692741009,2,Roseland St
2022-04-15 22:00:00,2882.85,2731.05,14.211000000000002,30.563,130.63150000000002,5.5,90000.0,2699.231295700604,2849.6756646739154,130.5333239237096,-0.1877445114853503,0.03967838986886593,2467.398162018432,2606.8250784550246,2470.876311907131,2610.4467331204914,-0.1441286718735723,-0.0072991080698128095,2,Roseland St
2022-04-15 23:00:00,2896.8,2744.35,13.526,32.4485,130.5655,5.5,93600.0,2721.914394085864,2873.274357565697,130.61326523517144,-0.1756133464118722,0.03204154100513022,2464.402355089755,2603.780174609493,2467.8597139337517,2607.2578841557956,-0.14405645599488717,-0.0017925994158909339,2,Roseland St
2022-04-16 00:00:00,2910.8,2759.3,12.8935,34.051,130.411,5.5,97200.0,2739.468189749193,2891.4524513993833,130.62856585491053,-0.16345079561304385,0.15995191904891373,2464.047975254929,2601.9958905311955,2465.6635013566856,2604.863537029927,-0.14121179269326503,0.13153489600893922,2,Roseland St
2022-04-16 01:00:00,2917.35,2764.45,12.621500000000001,35.1805,130.357,5.5,100800.0,2752.840222561373,2904.997190224539,130.46925708502928,-0.14385591820861568,-0.026425343477708328,2462.758582760488,2601.7101632746417,2464.0581711954997,2602.8387665523614,-0.12857995241036707,-0.042080305701625596,2,Roseland St
2022-04-16 02:00:00,2916.5,2764.9,12.560500000000001,35.898,130.5435,5.5,104400.0,2761.1423069185394,2913.349904435755,130.38777942402913,-0.12984335494528557,0.04953277725917724,2461.845466679566,2599.579366699004,2462.9076205532447,2601.3702797027054,-0.11884958397658911,0.04425764066844692,2,Roseland St
2022-04-16 03:00:00,2909.25,2757.6,12.982,35.228500000000004,130.39600000000002,5.5,108000.0,2763.6840626362236,2915.646618640524,130.40770700401785,-0.11663158966909341,-0.022253324603331612,2464.447692488065,2602.610700369082,2462.811697010948,2600.9564904136446,-0.10683701511924923,-0.010971062548235554,2,Roseland St
2022-04-16 04:00:00,2902.0,2749.1,13.331,34.564499999999995,130.6805,5.5,111600.0,2759.429093689584,2911.2868516965846,130.5243278095572,-0.12107080747777174,-0.185686059598443,2464.416229292545,2604.019491056063,2463.3028925451295,2601.535581648188,-0.10915602236513575,-0.17051019592241526,2,Roseland St
2022-04-16 05:00:00,2902.65,2750.3,13.318000000000001,35.048500000000004,130.52349999999998,5.5,115200.0,2754.227697837751,2906.2590326618615,130.57293733871296,-0.13689531614173084,-0.06508330472087513,2465.210395331927,2604.308803927878,2464.352789020654,2602.9819716649204,-0.1221248946080838,-0.05750360610522548,2,Roseland St
2022-04-16 06:00:00,2877.2,2726.1,14.616,34.126999999999995,130.3355,5.5,118800.0,2747.0997077359148,2899.502185937508,130.57903528792218,-0.16326745181313226,0.057347684281097454,2471.867067402736,2611.037784247444,2465.482017499514,2604.759969351454,-0.1445968263043776,0.0966195486207529,2,Roseland St
2022-04-16 07:00:00,2779.1,2635.65,19.0015,30.308,130.6355,5.5,122400.0,2720.9539663946607,2871.4096217745214,130.53766580081313,-0.14594008668625277,0.20239843186510567,2487.174732627388,2623.3699033130542,2471.138386112668,2609.871692952877,-0.11150464030663856,0.3495765524376296,2,Roseland St
2022-04-16 08:00:00,2714.7,2574.3,22.0255,28.0485,130.629,5.5,126000.0,2668.0253523205747,2814.6285673464963,130.55444263628448,-0.11306761117976061,0.13146559603674793,2499.4782627868985,2635.6302205505435,2481.596259574244,2619.226807190701,-0.047010688957416336,0.2949663218696321,2,Roseland St
2022-04-16 09:00:00,2675.2,2536.9,23.862000000000002,26.4075,130.78699999999998,5.5,129600.0,2602.906174444785,2744.969138968386,130.66097739169746,-0.07802597260731162,0.06777537802449722,2507.16570797975,2643.0439525189045,2494.1153070094892,2630.518439439612,0.02602107525933478,0.18874266215343918,2,Roseland St
2022-04-16 10:00:00,2651.8,2514.4,24.9205,25.851,130.91,5.5,133200.0,2554.6214820189316,2693.7033788866015,130.76677170419148,-0.06525938147934664,-0.09964670137347734,2510.7659455880357,2646.7931470178437,2503.5852259672956,2639.3888481642184,0.06836516033944945,-0.02715110290951801,2,Roseland St
2022-04-16 11:00:00,2611.65,2474.45,26.98,25.401999999999997,130.81099999999998,5.5,136800.0,2521.1551658693343,2659.1522720942226,130.82975996602613,-0.09298462378291275,-0.20067048130122234,2521.9572470652242,2659.8339929545377,2510.284380205664,2646.6211929057204,0.061950803206669694,-0.10978944282357417,2,Roseland St
2022-04-16 12:00:00,2559.05,2425.35,29.4795,24.532999999999998,130.683,5.5,140400.0,2485.5505854192184,2622.309830463196,130.83867061911172,-0.1200809290172404,-0.04691119551854605,2535.464263015462,2672.307500872227,2519.0037689776113,2655.8698091837487,0.05984801379929285,0.07956402874979979,2,Roseland St
2022-04-16 13:00:00,2553.75,2419.95,29.563499999999998,24.6265,130.9285,5.5,144000.0,2449.245945553595,2584.6564258501685,130.80731049162094,-0.1451839005734635,0.0338833425184928,2532.013152092614,2669.0534587637803,2527.7175871939617,2665.030091793885,0.060862130037761863,0.09120786178809956,2,Roseland St
2022-04-16 14:00:00,2583.2,2447.55,28.175,25.4935,130.65050000000002,5.5,147600.0,2430.6342608960513,2564.829753104851,130.76834416298757,-0.1379175229597278,-0.07976113923919566,2524.774542390617,2662.3011353332404,2531.168681415491,2668.1416029177544,0.08061453977009071,-0.11537371942722281,2,Roseland St
2022-04-16 15:00:00,2579.1,2445.4,28.464,27.653499999999998,130.494,5.5,151200.0,2434.478021248701,2568.942097933805,130.73802865247822,-0.14011657015377058,0.2005080006228311,2529.9828080025895,2665.785839409206,2529.256223651842,2666.2733849736906,0.07507480896023777,0.18397879076920576,2,Roseland St
2022-04-16 16:00:00,2593.5,2458.25,27.677,28.0985,130.741,5.5,154800.0,2446.604449408411,2581.1357075061187,130.6258111493382,-0.11676468930976944,0.027251431664137883,2523.074503947795,2659.6741409408723,2527.006634101505,2663.5028474399023,0.09005545489126587,0.0026749790179477276,2,Roseland St
2022-04-16 17:00:00,2655.9,2516.55,24.6585,30.8855,130.674,5.5,158400.0,2462.0704963041885,2597.5718812071323,130.66673954261697,-0.12137510447768791,-0.08064881474619731,2506.489785139787,2644.2044454527822,2522.875900220123,2659.558087523576,0.07466967979965593,-0.19100468541174837,2,Roseland St
2022-04-16 18:00:00,2715.15,2574.0,21.872999999999998,35.754000000000005,131.0365,5.5,162000.0,2498.672687682754,2636.48583413583,130.76872407722763,-0.13266466201472452,0.12092347687684364,2495.544880456105,2632.2833126084506,2512.512561813707,2649.6294789993826,0.03706055949681501,-0.025411961171487796,2,Roseland St
2022-04-16 19:00:00,2783.95,2638.8,18.4965,41.522000000000006,130.6685,5.5,165600.0,2552.2290503329878,2692.958307194015,130.85669497978287,-0.13128606319953895,0.04218139731035154,2478.6953367661545,2616.013727814129,2499.2693905072515,2636.6057918866527,0.0013187558767546086,-0.11433287331115147,2,Roseland St
2022-04-16 20:00:00,2918.2,2769.3,12.338,48.5905,130.832,5.5,169200.0,2628.5756118624695,2772.503618433353,130.83681621838417,-0.09490053345404356,0.29090650843788146,2460.9668821271925,2596.1032141509286,2483.6134699584863,2620.3774488819395,-0.009661869466098975,0.05333502258804439,2,Roseland St
2022-04-16 21:00:00,2965.85,2820.05,10.134,52.833000000000006,130.678,5.5,172800.0,2714.5698871233544,2860.9924623579973,130.7641079525128,-0.01764191544541515,0.6460290101495958,2458.6609671894466,2589.1878344586626,2469.8088307226703,2605.1184497051972,0.017001588910717215,0.4742253109435627,2,Roseland St
2022-04-16 22:00:00,2973.95,2832.5,9.6035,56.101,130.6045,5.5,176400.0,2791.239308972841,2937.6450411847727,130.73137984406878,0.12359172516247137,0.7902738075443521,2458.3283307263596,2584.629619030548,2460.17710690767,2592.3357890104317,0.11814696362170252,0.7292206214990714,2,Roseland St
2022-04-16 23:00:00,2979.6,2835.8,9.391,57.5745,130.6375,5.5,180000.0,2824.888343929213,2969.0353490873035,130.6868336785425,0.2592162512164217,0.15889550051030274,2456.7338264659543,2584.906505531667,2458.244018081946,2587.153309908327,0.23963862965460098,0.144426731448977,2,Roseland St
2022-04-17 00:00:00,2994.55,2849.75,8.686,58.248000000000005,130.6145,5.5,183600.0,2836.3303505014387,2979.64247587496,130.6485658763457,0.3068475870837884,0.011915858787034096,2454.067143823913,2582.5381180107697,2456.8810872391973,2584.615568252131,0.2823138758182385,-0.007649533836792161,2,Roseland St
2022-04-17 01:00:00,2997.8,2854.1,8.5095,59.6135,130.738,5.5,187200.0,2843.9412905430104,2988.065275454176,130.67242031027246,0.292550903894177,0.1698507111614668,2454.1429220864093,2581.5262749159256,2455.2983978471684,2583.424427525745,0.2639700269446196,0.15628212980540926,2,Roseland St
2022-04-17 02:00:00,3001.1,2857.75,8.382000000000001,60.596000000000004,130.446,5.5,190800.0,2851.570371087535,2995.7480301656897,130.66481437409496,0.30365471020587426,0.1569753285124042,2454.629996098837,2581.6155372739095,2454.3121163400597,2582.1974846707135,0.2712981000298302,0.1502718630635229,2,Roseland St
2022-04-17 03:00:00,3021.35,2876.4,7.4895,60.560500000000005,130.8435,5.5,194400.0,2859.00530338422,3002.9018882122928,130.66740598575655,0.3255367067571561,0.038114519722533706,2452.1486586361802,2579.804913330124,2453.93211888862,2581.3177251882494,0.28988932560262937,0.015419211615028952,2,Roseland St
2022-04-17 04:00:00,3042.3,2897.4,6.507,60.920500000000004,130.529,5.5,198000.0,2871.3701255013466,3015.5638363512644,130.650378471539,0.3363183903804392,0.1382510118755031,2449.854420741819,2576.6989142566454,2452.7494063275376,2579.942207640574,0.29498271269625803,0.1034371450269169,2,Roseland St
2022-04-17 05:00:00,3060.1,2915.45,5.7345,61.312,130.349,5.5,201600.0,2889.6086715898487,3034.4003060468362,130.6151833058596,0.3467966048292449,0.20072494098271737,2449.367220390472,2575.413820269856,2450.9625496975013,2578.0110474738767,0.2969856920186473,0.16781437480868105,2,Roseland St
2022-04-17 06:00:00,2974.85,2833.1,9.8735,61.589,130.6345,5.5,205200.0,2896.122659953499,3040.1039258453807,130.53192231988928,0.38417794706672614,-0.035116544999591146,2464.707115132174,2591.598620718674,2451.7985662875053,2577.9908850078846,0.3318712341641445,0.04816229734494144,2,Roseland St
2022-04-17 07:00:00,2858.15,2708.6,15.1035,47.6365,130.6395,5.5,208800.0,2842.3739633676805,2986.9839113975404,130.52834231935535,0.2733057151001398,-1.1971756401725697,2466.7604148153487,2604.995125373016,2458.433539202374,2587.3241444881623,0.2407772197303014,-1.0703972096212906,2,Roseland St
2022-04-17 08:00:00,2942.3,2789.95,11.4795,47.0985,129.977,5.5,212400.0,2787.5884859665393,2934.305014998725,130.5245067791305,0.10650915337273736,-0.5362751023071998,2460.836124044659,2598.2609232780896,2463.165386486335,2595.958462433574,0.09989524699281357,-0.5221731968010412,2,Roseland St
2022-04-17 09:00:00,2922.35,2773.15,12.497,44.21,130.51,5.5,216000.0,2757.154810626524,2907.346545278383,130.38675546421695,-0.0680823836512933,0.18808696444578954,2467.828396300268,2603.367270913629,2464.958472789202,2601.865989400088,-0.054670510115179496,0.17546968188503534,2,Roseland St
2022-04-17 10:00:00,2883.45,2733.35,14.3075,39.722,130.8125,5.5,219600.0,2770.041275315771,2920.4539854489676,130.41008339146035,-0.051619908762396784,-0.27299116132673473,2471.5960150239794,2609.5857331655743,2465.2885916226032,2601.91559462163,-0.04318150835892076,-0.22128330566084892,2,Roseland St
2022-04-17 11:00:00,2894.65,2744.35,13.586500000000001,39.486000000000004,130.6635,5.5,223200.0,2754.1453130022956,2904.1675427088453,130.61659674802954,-0.06789152961116338,-0.0777306063853557,2465.7244857221713,2603.224422716516,2468.1034962717704,2605.0958760128296,-0.05122175648047948,-0.06664111024999866,2,Roseland St
2022-04-17 12:00:00,2912.1,2759.35,12.901500000000002,39.265499999999996,130.44549999999998,5.5,226800.0,2744.5970558550393,2894.9874464896366,130.71843999906258,-0.09857710109881085,-0.15840305173666347,2464.268157368512,2603.3383646666043,2467.8254200146166,2605.489488823966,-0.0775989819261339,-0.17951325196913298,2,Roseland St
2022-04-17 13:00:00,2890.8,2739.35,14.040000000000001,35.958,130.6365,5.5,230400.0,2748.696544932276,2900.138064387241,130.6056329670559,-0.1270819910912192,-0.0930706537631715,2471.141583577889,2610.102691354125,2466.6372189273184,2605.0380490479147,-0.10842817453298577,-0.0746055174130094,2,Roseland St
2022-04-17 14:00:00,2863.7,2714.3,15.220500000000001,35.2675,130.76600000000002,5.5,234000.0,2744.238969062809,2895.7635797151033,130.58993321413274,-0.13843660555946882,0.029737718902732517,2474.4825097930775,2612.6749990549533,2468.4040273270766,2607.1242302735673,-0.11687607205834319,0.07899978277315509,2,Roseland St
2022-04-17 15:00:00,2854.6,2705.3,15.529,33.4955,130.69400000000002,5.5,237600.0,2725.5531673043,2875.9813332529093,130.67455684517722,-0.1361708132721984,-0.0018083375659363077,2473.124306314726,2611.507812312503,2472.152508709033,2610.7488906925155,-0.10406797003818521,0.027750715778722575,2,Roseland St
2022-04-17 16:00:00,2894.95,2741.6,13.7285,31.559500000000003,130.4925,5.5,241200.0,2716.5035694877884,2866.726837430674,130.71938127376683,-0.14645495517506824,-0.17328610203762235,2466.347657147743,2606.7243236155723,2472.2384692396686,2610.995864855923,-0.11004919847859503,-0.21142627771149125,2,Roseland St
2022-04-17 17:00:00,2915.1,2762.2,12.864500000000001,31.110500000000002,130.34,5.5,244800.0,2729.347494132063,2880.8057837289316,130.5724458272741,-0.16466830814074535,0.025461841845781624,2466.0108823310575,2605.1833322247203,2469.6132859657114,2608.883608239034,-0.13536191053903254,-0.021951122862319882,2,Roseland St
2022-04-17 18:00:00,2930.4,2777.6,12.129999999999999,31.389999999999997,130.454,5.5,248400.0,2752.347298183766,2905.0668546583265,130.47934418984454,-0.16416276916175784,0.12220759916194486,2463.8607243249526,2602.2722636655826,2466.1863178300628,2605.580886929014,-0.14754609316757916,0.0862852905569538,2,Roseland St
2022-04-17 19:00:00,2975.6,2822.35,10.017,33.378,130.466,5.5,252000.0,2777.0576214750627,2930.0959662746986,130.39795996158034,-0.12828851904251135,0.27195056555693353,2458.2047635891427,2595.1288826432883,2463.683194979062,2602.3262744196973,-0.12410365309244245,0.20445470285437742,2,Roseland St
2022-04-17 20:00:00,3013.15,2858.55,8.3735,35.072500000000005,130.49099999999999,5.5,255600.0,2807.2447823762977,2960.4616316408396,130.48410440766875,-0.07813582880707373,0.2131356434540578,2455.1460572175965,2591.800128282628,2460.3062559392247,2597.847016970366,-0.08899426965140259,0.14125591716046604,2,Roseland St
2022-04-17 21:00:00,3029.681818181818,2875.681818181818,7.643636363636364,36.84909090909091,130.4309090909091,5.136363636363637,259200.0,2843.515154092751,2997.3156456936877,130.4754362199572,-0.03159291114756291,0.14242829086262276,2454.7143100295452,2590.2314609150603,2456.77056941775,2593.3535295933257,-0.05968558766888788,0.1019181631924441,2,Roseland St
2022-04-17 22:00:00,3046.409090909091,2893.909090909091,6.825454545454545,39.17,130.5481818181818,5.318181818181818,262800.0,2870.679080915571,3024.5650968806995,130.4722328044481,0.014175572746090602,0.22626308149239927,2453.411600202522,2586.9671850442564,2454.915194395655,2590.523635777142,-0.02605654226267382,0.19571927290992538,2,Roseland St
2022-04-17 23:00:00,3066.909090909091,2911.409090909091,5.954545454545454,41.51363636363636,130.65727272727273,5.5,266400.0,2889.3108906756065,3043.424646352431,130.49322462885866,0.039523351653943946,-0.0154637505946202,2450.4342433960287,2585.800550727005,2453.154936429532,2588.228730267383,-0.009159695233839147,-0.0438082502035626,2,Roseland St
2022-04-18 00:00:00,3077.409090909091,2923.8636363636365,5.428636363636364,43.091818181818184,130.7731818181818,5.681818181818182,270000.0,2906.1794921171177,3060.1993944617675,130.61911962344723,0.07197863317347368,0.12675424722501274,2450.2415453871536,2583.5287804690847,2451.384127852372,2585.721312916161,0.015555810606675673,0.10467598086102053,2,Roseland St
2022-04-18 01:00:00,3084.6363636363635,2932.2727272727275,5.087727272727273,44.157272727272726,130.66772727272726,5.863636363636363,273600.0,2920.716281314482,3074.48763697566,130.7758279167423,0.10511843554302618,0.18101992552296856,2450.3954895931192,2582.414893971,2450.199414409129,2583.78312269381,0.04220016626682343,0.1685420198983434,2,Roseland St
2022-04-18 02:00:00,3087.95,2934.3,4.9605,44.699,130.8035,5.5,277200.0,2929.1345363084365,3082.2157576711384,130.8217155754875,0.1418973102279525,-0.004263830335297127,2449.5254904026274,2582.5156029617738,2450.0168217830715,2582.7266771677387,0.07564223335890943,-0.00978869211907296,2,Roseland St
2022-04-18 03:00:00,3102.9,2948.5,4.3095,46.074,130.7775,5.5,280800.0,2935.6768799352308,3088.9026707346297,130.80522204320204,0.14828515252926924,-0.010869181951039192,2448.28672711544,2581.3747842338544,2449.4954865223326,2582.0835743350126,0.0792644314322101,-0.025992135731346983,2,Roseland St
2022-04-18 04:00:00,3119.85,2965.7,3.5355,47.6355,131.12449999999998,5.5,284400.0,2945.0895949523447,3098.850357617316,130.8490363032275,0.14688143442784427,0.044438505319176674,2447.0879924133687,2579.3467155273675,2448.6308135449785,2581.3160991685354,0.07368488275282131,0.020389399694606503,2,Roseland St
2022-04-18 05:00:00,3106.45,2951.95,4.4590000000000005,47.679500000000004,130.711,5.5,288000.0,2956.6822743466396,3111.034764259544,130.8996870302181,0.14731003322632802,-0.05549396551836798,2454.2162064854665,2587.5234375212403,2448.368142789727,2581.1473513891715,0.06949529849525585,-0.042358302268085554,2,Roseland St
2022-04-18 06:00:00,2851.25,2703.45,15.961500000000001,36.535000000000004,130.429,5.5,291600.0,2916.8441239417207,3070.2812161516217,130.83109487020886,0.10920134215505899,-0.507949734701762,2481.2191850480826,2618.632136952336,2455.508264739753,2589.201938119021,0.04914343320062745,-0.2450398429404504,2,Roseland St
2022-04-18 07:00:00,2886.45,2736.25,13.994499999999999,34.321,130.881,5.5,295200.0,2820.8216470896027,2972.0265541899726,130.70397568780623,0.014315871904435316,-0.34024347034366365,2467.367478936575,2605.147366560031,2465.8423740532307,2601.4201739057617,-0.0016707695483459714,-0.23516787546528511,2,Roseland St
2022-04-18 08:00:00,2938.65,2785.2,11.7835,35.206,130.727,5.5,298800.0,2750.937039909156,2901.2020040105044,130.70478106459993,-0.08238607798231637,-0.12804918805667664,2463.146920939911,2601.8227696003246,2470.7747320759977,2608.2179446082364,-0.06282003872487998,-0.17632152045838473,2,Roseland St
2022-04-18 09:00:00,2925.2,2771.2,12.4805,33.955,130.5535,5.5,302400.0,2752.1745180101316,2903.8960550977135,130.72596544657344,-0.13009854890126535,-0.1325191146716282,2465.7318445257906,2605.531037700832,2466.939805372896,2605.457217491879,-0.1122599208480602,-0.15807045402799696,2,Roseland St
2022-04-18 10:00:00,2898.0,2746.2,13.730500000000001,32.821999999999996,130.7525,5.5,306000.0,2771.3575451991737,2924.5709101432517,130.71504977451437,-0.14497789882555806,0.029851881630109083,2470.5290532287263,2609.516440258956,2465.4063111679916,2604.4867446484973,-0.1371775127205756,0.06978905940345514,2,Roseland St
2022-04-18 11:00:00,2879.05,2728.55,14.520500000000002,31.1455,130.3085,5.5,309600.0,2756.140309546842,2908.490932990649,130.6158722998388,-0.14424020092883721,0.010221520444309906,2471.938723456571,2610.4846153538992,2468.413660047727,2607.4222567496854,-0.12791731365887823,0.05210801384827131,2,Roseland St
2022-04-18 12:00:00,2875.45,2725.85,14.687999999999999,31.7185,130.5025,5.5,313200.0,2737.84727096587,2888.747402365664,130.51139778916695,-0.1290241607697151,0.04368724598715735,2473.1876994151944,2611.069475609456,2471.1415386764265,2609.6580094799606,-0.10317661996927077,0.06406328070587498,2,Roseland St
2022-04-18 13:00:00,2870.95,2720.4,14.952000000000002,32.683,130.56,5.5,316800.0,2727.216836052921,2877.6442129776697,130.4511329135238,-0.132964239010088,-0.09598712141869509,2474.0778022425247,2613.0680019282095,2472.5695815042154,2611.1253478224794,-0.10161456589733771,-0.08350705135495064,2,Roseland St
2022-04-18 14:00:00,2854.4,2705.45,15.691999999999998,33.182,130.54749999999999,5.5,320400.0,2720.2273224728547,2870.1060659893933,130.5229699955444,-0.1272788303199075,-0.039672259898556626,2476.884691786587,2615.106133901588,2474.07289120119,2612.4577552028472,-0.09184949693750064,-0.015132237847071444,2,Roseland St
2022-04-18 15:00:00,2836.1,2688.8,16.556,34.88,130.743,5.5,324000.0,2710.6290526296507,2860.06891742288,130.6133179766732,-0.13042226726260578,0.04685447594576804,2480.961857244555,2618.4704605945735,2476.114363682599,2614.54993025257,-0.08942192279560983,0.08485832699774298,2,Roseland St
2022-04-18 17:00:00,2555.1029411764707,2426.279411764706,35.619803921568625,18.22642156862745,72.84882352941176,0.0,0.0,2525.0244357886713,2661.6408969356626,71.0561530367217,0.15312132055387528,-1.2048246744218378,2708.0883576908514,2845.7592295594736,2695.0166997495962,2836.2594791585516,0.3577189534215668,-0.7583437907627177,3,Roseland St
2022-04-18 18:00:00,2435.8625,2308.75,41.178583333333336,10.93925,74.247,0.0,3600.0,2388.607846269058,2516.1593800125843,73.20491491302728,0.2139898391993474,-0.12635280485960126,2744.028534016844,2886.250130246678,2716.6886487719685,2854.8608151994367,0.5069519319357529,-0.0658096818749869,3,Roseland St
2022-04-18 19:00:00,2417.429166666667,2290.7875,44.186375,9.002,76.24866666666667,0.0,7200.0,2346.632402069033,2473.956221584495,74.13076529139639,0.13269069339225562,-0.055697754105169195,2822.0147956263845,2967.0966475672662,2744.0542193780834,2884.796561591063,0.46607716535527915,0.006898517589425626,3,Roseland St
2022-04-18 20:00:00,2384.2791666666667,2262.445833333333,47.533166666666666,7.562791666666667,77.21520833333334,0.0,10800.0,2298.0565104166667,2424.6894401041664,75.48043776041666,0.052459452045431544,-0.03364837847878739,2905.0499198760463,3048.010061066614,2800.1635442356583,2944.162151196199,0.45314222243695673,0.05969376716381777,3,Roseland St
2022-04-18 21:00:00,2486.8217821782177,2356.5247524752476,33.588316831683166,11.795742574257424,83.69603960396039,1.0891089108910892,14400.0,2281.4560032036043,2406.769967375445,76.26146651744094,0.06931027624012162,-0.01909521905883502,2577.20901512048,2714.660711530113,2826.632918226151,2970.5009400662766,0.5034009257718672,-0.07038247421328232,3,Roseland St
2022-04-18 22:00:00,2908.95,2758.05,12.86,24.171,130.417,5.5,18000.0,2305.768880123556,2430.789299395848,80.67568275971715,0.13619306026294706,0.022080883794076654,2462.217432574105,2599.6069265412757,2796.703186674231,2937.666042032181,0.550527411898736,-0.283440793036554,3,Roseland St
2022-04-18 23:00:00,2963.1,2811.3,10.499500000000001,29.1995,130.82999999999998,5.5,21600.0,2465.1596646026833,2599.003784829721,96.67701341589267,0.1318789237830564,0.15510561422815702,2458.7488511116153,2594.8285987496847,2598.4957688086706,2735.1587405397663,0.33540725133420934,-0.5385071562393212,3,Roseland St
2022-04-19 00:00:00,2980.1,2828.3,9.799,32.588499999999996,132.04649999999998,5.5,25200.0,2780.0533998674914,2931.0468697583265,130.89264212901426,0.12746264575196942,0.18191776592931125,2458.7905597421363,2594.2595345126288,2461.1036040152694,2597.7192780562245,0.06545570651257762,0.10940325425490771,3,Roseland St
2022-04-19 01:00:00,2983.6,2833.8,9.5505,34.8715,131.8295,5.5,28800.0,2819.0580290267685,2970.444389761774,131.38139834793725,0.1855926865826277,0.2408017421915865,2458.343408763444,2591.8602694221418,2458.8299502453956,2594.2735033895815,0.10576278432732422,0.22189292851128442,3,Roseland St
2022-04-19 02:00:00,2990.45,2841.1,9.212,37.221,131.4305,5.5,32400.0,2831.630164080316,2982.335325623987,131.73160410671454,0.23107026546757553,0.23575228171387855,2457.574809882725,2590.413929267763,2458.1733126235267,2592.5471543538715,0.14562051282608449,0.2239600318803059,3,Roseland St
2022-04-19 03:00:00,3007.25,2855.2,8.5985,30.639999999999997,130.753,5.5,36000.0,2839.9795346564874,2990.1809513933626,131.4938987842503,0.2627801664429849,-0.12783051331040887,2456.936162943485,2591.59453345164,2457.6969046658587,2591.3188240503414,0.17362770490031343,-0.14534838549432355,3,Roseland St
2022-04-19 04:00:00,2765.25,2858.55,8.464,36.067,131.0825,5.5,39600.0,2848.9662008945297,2980.781303376499,131.1936965202784,0.8971928098567039,23.74882639655119,2457.0232954166927,2380.1386138610656,2457.106701226701,2574.5576521170415,0.8026965222626895,23.70466103838253,3,Roseland St
2022-04-19 05:00:00,2943.9,2846.8,8.951,55.386,130.651,5.5,43200.0,2854.460456407769,2905.869812404504,130.9043586008798,3.6316208848892075,-4.436900403748464,2457.0457082905345,2544.538214061139,2456.9365255663342,2504.882697632875,3.535351667446465,-4.442301704265988,3,Roseland St
2022-04-19 06:00:00,2918.8,2816.75,10.3195,62.162,130.493,5.5,46800.0,2847.378879180232,2881.831661895871,130.84639280096698,4.2140983839547665,-6.524708022998996,2459.707398406182,2552.1203878550027,2457.367199184123,2490.841948439997,4.115014525446744,-6.5448590055284175,3,Roseland St
2022-04-19 07:00:00,2875.0,2778.4,12.037,63.016999999999996,130.6545,5.5,50400.0,2825.2892389267663,2884.64735060548,130.65180550723443,3.3430261183614993,-3.9546826944833784,2462.5742922201466,2551.046151388303,2458.816241485677,2514.225362262942,3.2487282375386726,-3.919727438250276,3,Roseland St
2022-04-19 08:00:00,2812.8,2718.65,14.892500000000002,62.045,130.84449999999998,5.5,54000.0,2788.9289972741676,2888.3207759240895,130.69988294773412,1.9148889560510771,0.12630464257336368,2471.1856273027824,2558.8123221828164,2462.3880671464494,2553.0643959451,1.8515669505384988,0.2301160062992415,3,Roseland St
2022-04-19 09:00:00,2737.95,2668.9,17.0845,72.503,130.6305,5.5,57600.0,2739.5467379354764,2830.5688701663285,130.71501107846518,2.1484445947113064,2.0584220685604477,2474.479568170222,2539.8827942135395,2467.4215633806807,2551.6197032603804,2.1123847803387017,2.2137271842760504,3,Roseland St
2022-04-19 10:00:00,2702.15,2643.05,18.3315,75.662,130.432,5.5,61200.0,2692.2183025742333,2771.188178018655,130.68382660022056,2.5260122459921863,1.861768870230195,2478.7378942412815,2535.1686082826027,2472.628147145773,2546.675552635422,2.517141129072645,1.961071009155603,3,Roseland St
2022-04-19 11:00:00,2645.8,2596.9,20.5935,77.3815,130.5755,5.5,64800.0,2649.325516592022,2713.43301569347,130.61021847564575,3.0261347242922922,1.4814539746581736,2487.3709825356755,2534.510098034098,2478.1293871178455,2539.072523914782,3.0383936036268078,1.5945338455905942,3,Roseland St
2022-04-19 12:00:00,2614.5,2577.05,21.6165,79.2915,130.8025,5.5,68400.0,2616.899729179392,2669.2798164753526,130.61003420067547,3.43499764693246,1.5627396117333443,2492.4109052359804,2528.5933873111626,2483.6982716963275,2533.920661601761,3.4659321026058256,1.6547917128692773,3,Roseland St
2022-04-19 13:00:00,2598.65,2565.85,22.1575,79.9435,131.144,5.5,72000.0,2586.50468206484,2629.2048171411984,130.7441455568902,3.7793117375328,1.1256289972643487,2494.4204347361224,2526.107038569952,2489.9004247738303,2531.07250936491,3.827808408729414,1.1702255487350348,3,Roseland St
2022-04-19 14:00:00,2621.25,2589.35,20.8605,80.6975,130.9445,5.5,75600.0,2576.0427374476026,2611.7561102553777,130.9455504098895,4.039651870933861,0.5075334226557013,2486.3976329842853,2517.25229850899,2491.270636922068,2525.774628917889,4.092374691789283,0.4769799254725312,3,Roseland St
2022-04-19 15:00:00,2656.25,2620.5,19.278,78.05499999999999,130.7755,5.5,79200.0,2584.3863019211994,2617.097466334501,130.9836459704956,4.158715750692141,-0.3541200011180611,2479.2301652186748,2513.7609887720414,2488.5848757650165,2520.206966319763,4.205169323287324,-0.4132085945093579,3,Roseland St
2022-04-19 16:00:00,2699.25,2653.55,17.655,75.2115,130.75,5.5,82800.0,2609.8819044596685,2645.3157026534204,130.90336195668266,4.068099653657364,-1.087280322861015,2473.1367773030065,2516.921926302505,2481.9653239310182,2516.1601704968807,4.099500562297777,-1.1442718357548105,3,Roseland St
2022-04-19 17:00:00,2736.5,2697.45,15.2955,89.035,130.6195,5.5,86400.0,2644.0477644907814,2684.92359652012,130.77309698908414,3.8825714955391093,0.4127789295955539,2460.7945486883705,2498.399638777697,2474.5761673021334,2513.835468782523,3.893777284719299,0.3008673645701672,3,Roseland St
2022-04-19 18:00:00,2767.35,2742.35,12.938999999999998,91.1765,130.689,5.5,90000.0,2682.250443061841,2721.3045304014004,130.72328197267925,3.970718545386402,1.8379781013211633,2449.9015505237485,2474.7218289361645,2464.7554049716846,2502.412203491299,3.951673987635574,1.7009384761883992,3,Roseland St
2022-04-19 19:00:00,2849.0,2800.95,10.294,91.608,130.76600000000002,5.5,93600.0,2728.6527266746375,2765.688953517555,130.71735245276133,4.068286802870308,-0.7755010202867141,2445.36432273021,2490.543960435193,2454.523280735436,2490.182244339328,4.025521742992597,-0.8522600968403736,3,Roseland St
2022-04-19 20:00:00,2893.75,2845.25,8.334,91.6365,130.8085,5.5,97200.0,2778.556069919089,2815.8477254096347,130.78767975387603,4.083814080389105,-0.8007424170457765,2442.905734719691,2488.2690484377176,2447.37131460856,2482.972571725471,4.023662643876095,-0.8878075645555276,3,Roseland St
2022-04-19 21:00:00,2916.25,2869.05,7.2475,91.51,130.575,5.5,100800.0,2825.2180445308977,2871.8380769325713,130.769246086125,3.780015799528485,0.19255576914864309,2440.92677681665,2485.070840501636,2443.8105405598126,2487.593908198299,3.6921107200262084,0.12870833405115217,3,Roseland St
2022-04-19 22:00:00,2930.9,2882.65,6.652500000000001,91.522,130.7945,5.5,104400.0,2858.155702497993,2906.3082164883695,130.7351698594733,3.7457771946858465,0.23879428103442865,2440.338882720849,2485.3178969381092,2441.8471632642822,2486.8497905224895,3.641654484164639,0.2058050141642087,3,Roseland St
2022-04-19 23:00:00,2937.85,2889.9,6.343,91.578,130.757,5.5,108000.0,2876.350642141001,2924.450590860709,130.72543088211674,3.758052777467564,0.22197453704887726,2440.1836092454223,2484.877931159349,2440.466906342191,2485.343176152995,3.645715739299406,0.20487448149781412,3,Roseland St
2022-04-20 00:00:00,2940.25,2893.3,6.2255,91.6585,130.5055,5.5,111600.0,2886.4600694047986,2934.5621278788526,130.71485104921945,3.7637468331545323,0.31702329655249395,2440.6724259996668,2484.5116309463056,2440.201160820714,2485.0375228187913,3.6471246251131952,0.30932029569615677,3,Roseland St
2022-04-20 01:00:00,2944.15,2896.5,6.092499999999999,91.56649999999999,130.658,5.5,115200.0,2891.8871712236996,2939.6823741620133,130.66072787112316,3.7772610913355997,0.15797394445228083,2440.673611995155,2485.0946444184083,2440.3360769953842,2484.8931701443107,3.6584624728263946,0.15318298711972234,3,Roseland St
2022-04-20 02:00:00,2951.6,2903.6,5.7780000000000005,91.34,130.6775,5.5,118800.0,2896.101654469653,2943.8818507017786,130.6312740049564,3.7801362092635444,0.16115644677626903,2440.292860329731,2484.9775789058817,2440.3984709773113,2484.9268592943936,3.6596634878874426,0.1523324470767374,3,Roseland St
2022-04-20 03:00:00,2958.0,2907.5,5.621,91.257,130.571,5.5,122400.0,2900.84058121649,2949.2540158913534,130.63308247814044,3.761320992303564,-0.04635213940913026,2440.3981472074547,2487.172575260004,2440.280591895491,2485.32320151275,3.6388852025933724,-0.05361047129104844,3,Roseland St
2022-04-20 04:00:00,2959.0,2908.05,5.57,91.1575,130.74200000000002,5.5,126000.0,2905.375627446607,2954.9463546165507,130.64031380300978,3.7247082802207663,0.04870823579046142,2439.8322091375803,2486.97730417209,2440.147918515111,2486.1456482601207,3.6003609798790217,0.04525380819955567,3,Roseland St
2022-04-20 05:00:00,2960.0,2908.25,5.566,91.09349999999999,130.44400000000002,5.5,129600.0,2907.616490496091,2958.6224469622503,130.63284869427758,3.677477836979932,0.09234482347453105,2439.920569467005,2487.7367501346107,2439.9193439996634,2487.113463855328,3.552072764470285,0.09203383860747327,3,Roseland St
2022-04-20 06:00:00,2912.2,2848.85,8.563500000000001,90.591,130.79950000000002,5.5,133200.0,2902.3202114597716,2954.6796418240947,130.65724849903177,3.6284169618899407,-1.1246471889983518,2450.9567897502698,2509.4019818789448,2441.092904016917,2489.4973933357714,3.5043848856264708,-1.0946403894502275,3,Roseland St
2022-04-20 07:00:00,2753.55,2642.15,18.155,88.731,130.92149999999998,5.5,136800.0,2838.0955911334872,2904.237203665252,130.72032036755598,3.110868719962072,-5.248911745901043,2473.8372958138593,2579.2497688810404,2450.703734979378,2512.226866278051,2.988991430148414,-5.311390543856505,3,Roseland St
2022-04-20 08:00:00,2855.8,2733.25,13.608500000000001,86.4565,130.7305,5.5,140400.0,2756.2751218092944,2846.5707168329964,130.8419270399186,2.1918949507702985,-3.656036695936712,2456.2318551823887,2568.7912065582095,2459.217587703869,2543.4484056417123,2.100511957866222,-3.5509398727832293,3,Roseland St
2022-04-20 09:00:00,2894.15,2766.35,12.151,83.84049999999999,130.597,5.5,144000.0,2711.9797884128707,2826.779044493668,130.7749910272601,1.2706096809405953,-1.3994989259744752,2454.3293590963394,2570.557087261143,2462.3689737589602,2568.735146306934,1.2389856489212654,-1.4413304906995328,3,Roseland St
2022-04-20 10:00:00,2874.65,2746.95,13.197999999999999,80.2595,130.526,5.5,147600.0,2739.5410611697935,2864.082028219812,130.6881529566422,0.9708246404474166,-0.5417118020205034,2459.605558727154,2576.5049977719104,2456.9704387976926,2571.1372910688888,0.9259239944169243,-0.5495187875526557,3,Roseland St
2022-04-20 11:00:00,2838.9,2710.9,15.0735,77.1625,130.5935,5.5,151200.0,2748.671783831783,2875.8720358170394,130.56426542841618,0.8926393821734852,-0.48353917919061634,2468.1232070596234,2586.6845609930056,2458.696458808156,2575.06720397373,0.8434331303342025,-0.4268261144671051,3,Roseland St
2022-04-20 12:00:00,2821.8,2691.45,15.903,74.638,130.6815,5.5,154800.0,2725.2176463310066,2853.452410068617,130.59479890335373,0.8183081898195903,-0.5352985003532663,2468.7666628462234,2590.112561321409,2463.9593919574318,2582.1609217123,0.782156322710479,-0.4881706785332227,3,Roseland St
2022-04-20 13:00:00,2839.8571428571427,2709.7619047619046,14.988571428571428,73.65619047619047,130.2942857142857,5.285714285714286,158400.0,2705.7970918557676,2835.1145132439024,130.5995622588767,0.7478960757080027,-0.2958323813055789,2465.210439507303,2585.611837562256,2466.8380219117553,2586.719339303899,0.7225328182779045,-0.2989849911358631,3,Roseland St
2022-04-20 14:00:00,2835.2272727272725,2703.818181818182,15.410454545454543,71.46954545454545,130.76363636363638,5.2272727272727275,162000.0,2702.183151679367,2832.578071790093,130.58515850781714,0.7037622982335304,-0.27613441187071025,2469.127847195294,2591.0532111365083,2467.267990443246,2588.2566904539544,0.680544486869104,-0.2748149536609699,3,Roseland St
2022-04-20 15:00:00,2822.909090909091,2691.5454545454545,16.03181818181818,66.30863636363637,130.39409090909092,5.409090909090909,165600.0,2703.206703321302,2833.979204769488,130.47359421466402,0.6921782475193513,-0.27617204004458434,2471.724882611216,2594.100835024479,2468.249826110027,2589.585288838562,0.6690116560672619,-0.25526379770081137,3,Roseland St
2022-04-20 16:00:00,2813.409090909091,2682.0,16.50090909090909,62.219545454545454,130.5890909090909,5.590909090909091,169200.0,2694.6597932579953,2825.7617195971948,130.49674045931616,0.665874736093322,-0.2032802142397334,2473.4460175360337,2596.235930509504,2470.831046011311,2592.8366942668104,0.6480575621178148,-0.18120410455434893,3,Roseland St
2022-04-20 17:00:00,2820.9545454545455,2686.7727272727275,16.28772727272727,58.64909090909091,130.57954545454547,5.7727272727272725,172800.0,2686.6719875833055,2818.190629264493,130.51714263133633,0.6373011553579563,-0.37410636323354096,2473.0671760107357,2598.2382279873723,2472.5136729642304,2595.220877978785,0.6242231816034834,-0.3711595554233403,3,Roseland St
2022-04-20 18:00:00,2845.4761904761904,2707.4761904761904,15.231904761904762,55.07714285714285,130.57333333333332,5.714285714285714,176400.0,2688.4534350536082,2822.173073937679,130.57960521663458,0.5623943319490393,-0.39175513392988087,2468.5141537904983,2596.311871563275,2472.1138554229237,2596.763219278058,0.5486358272454946,-0.41850857807727626,3,Roseland St
2022-04-20 19:00:00,2889.6,2750.15,13.1565,54.036,130.48,5.5,180000.0,2705.3871725547533,2841.6710691867384,130.63534357421992,0.5017930340026956,-0.11966408200067133,2461.575048882258,2588.9595130272223,2469.067912771344,2595.3801097238484,0.4786197878848507,-0.18656486839593125,3,Roseland St
2022-04-20 20:00:00,2929.2,2789.4,11.417,53.93150000000001,130.3995,5.5,183600.0,2736.5050056041846,2875.146155423752,130.53647116946496,0.47427212563260035,0.14758319435589068,2459.017683120149,2585.31233055989,2464.326506139526,2591.5557650706132,0.4338701133225957,0.07041645012549155,3,Roseland St
2022-04-20 21:00:00,2951.55,2811.2,10.384,54.08,130.74849999999998,5.5,187200.0,2772.4218492782525,2911.996533346757,130.54575695276156,0.5046892323195211,0.13176576803920148,2456.2200501491334,2582.176198830694,2459.9672493815115,2586.66422141591,0.44574822881638215,0.07702818486780245,3,Roseland St
2022-04-20 22:00:00,2963.55,2824.65,9.805499999999999,53.983000000000004,130.89000000000001,5.5,190800.0,2801.083933820016,2941.109342492642,130.6286113789406,0.5384183445647593,0.21311253527387503,2455.75150334463,2579.992762797233,2457.38089278948,2583.4325500067052,0.4655701364417701,0.18132157508210817,3,Roseland St
2022-04-20 23:00:00,2986.5,2849.25,8.697,54.298500000000004,130.5025,5.5,194400.0,2821.5620132417503,2960.746499322873,130.74515613413308,0.6013750599205243,0.3045270090219573,2453.8655484092797,2575.838237114705,2455.8171418085267,2580.415128050938,0.5187832289120016,0.2671353213093999,3,Roseland St
2022-04-21 00:00:00,3012.1,2873.8,7.5555,55.0385,130.8165,5.5,198000.0,2841.2238299805945,2979.70392330693,130.73238824503068,0.6575462322470348,0.18674381575665447,2451.2883976825296,2573.313069384049,2454.1193105705725,2577.419171138407,0.5657956210803323,0.14399199106160793,3,Roseland St
2022-04-21 01:00:00,3031.1,2893.25,6.653499999999999,55.911,130.749,5.5,201600.0,2864.483188932304,3002.2617508615704,130.71251978365427,0.718668177081813,0.1001346571988578,2449.3297372449133,2570.3125569309195,2452.238463030658,2574.1409586665504,0.6163944448313446,0.06264384416945948,3,Roseland St
2022-04-21 02:00:00,3045.35,2906.45,5.9785,56.609,130.344,5.5,205200.0,2884.972868331625,3023.0272027879305,130.7253757327984,0.7421544030080305,0.03932805578508667,2446.7451532004934,2568.122045083046,2449.847230760112,2571.272338087324,0.6303355234165193,0.0108465509602657,3,Roseland St
2022-04-21 03:00:00,3050.55,2915.05,5.683,57.717,130.2615,5.5,208800.0,2901.0717327303432,3038.9832456585145,130.568384808747,0.7721962905554102,0.3124265426459728,2447.9904894947367,2566.2966520776763,2448.1866953541708,2568.945783968763,0.6530560211258525,0.2957718302557809,3,Roseland St
2022-04-21 04:00:00,3036.5,2902.25,6.2844999999999995,59.6255,130.7175,5.5,212400.0,2908.1575219600136,3045.053535773281,130.43509032483868,0.816609654471589,0.2092771270610132,2449.4214563179416,2567.091566874381,2447.6142310589003,2567.28437541304,0.6943621614672699,0.22018562309232487,3,Roseland St
2022-04-21 05:00:00,3025.8,2889.95,6.8655,60.0715,130.79749999999999,5.5,216000.0,2905.9669400142648,3041.5666546368348,130.53300411909564,0.855838827689996,-0.059967873010690745,2450.86961646523,2570.3069338291793,2448.6374909802134,2567.313290455434,0.7350318502613503,-0.03810182606237868,3,Roseland St
2022-04-21 06:00:00,2859.15,2725.0,14.922999999999998,55.903,130.528,5.5,219600.0,2872.1030079802263,3007.0195991399883,130.67848398285292,0.8258029521754594,-0.6129017048088716,2477.9022107231567,2601.9761334932773,2454.1332471187684,2573.456707612213,0.7202429270503139,-0.42807440022075766,3,Roseland St
2022-04-21 07:00:00,2789.0,2655.3,17.634,52.122,130.6085,5.5,223200.0,2784.7217175816127,2918.9995223504407,130.66456659883542,0.7068930023721949,-0.5349872929123285,2474.322895334087,2600.1422158228083,2465.2624233280962,2587.1443239474956,0.6422361917828822,-0.3661140179680356,3,Roseland St
2022-04-21 08:00:00,2840.35,2704.25,15.485,52.458000000000006,130.755,5.5,226800.0,2710.375481977814,2844.7340096312714,130.60753936919622,0.578055961619304,-0.2452849527979422,2471.1794164876674,2597.454139272504,2472.727156692627,2597.3013177024536,0.552741769030876,-0.2327147662923464,3,Roseland St
2022-04-21 09:00:00,2806.85,2673.95,17.064500000000002,50.411500000000004,130.759,5.5,230400.0,2678.2180902001746,2812.564418462369,130.71048460479815,0.521987040804939,0.0811949818165529,2478.7225585742094,2603.3501521080348,2474.8415515306397,2600.51049832697,0.5147126087157916,0.09352941173885067,3,Roseland St
2022-04-21 10:00:00,2762.9,2631.35,19.182499999999997,45.994,130.757,5.5,234000.0,2678.8202559034316,2812.9159039945457,130.772791493764,0.5319873732933347,0.007759847857749871,2487.289435561613,2612.4124467322845,2476.486360450789,2601.9648256746805,0.5252363930288352,0.08937880708205603,3,Roseland St
2022-04-21 11:00:00,2715.95,2587.25,21.4115,42.5355,130.8405,5.5,237600.0,2645.8762231865394,2777.7831895903596,130.78864303748287,0.5514130947648848,-0.023617623303467145,2497.3863659743724,2621.664627487119,2484.5869746268245,2609.4402646663157,0.5649132442507585,0.08002195629429101,3,Roseland St
2022-04-21 12:00:00,2691.5,2563.75,22.5195,39.8455,130.8,5.5,241200.0,2606.3128491373686,2736.198386000409,130.82617259966406,0.5531813751784103,-0.04015372829691196,2501.0388813867553,2625.3369640438905,2492.6589718835044,2617.2424866635483,0.5907224413099764,0.03586977081523188,3,Roseland St
2022-04-21 13:00:00,2668.4,2540.05,23.710500000000003,37.812,130.534,5.5,244800.0,2574.669696849839,2703.2574980560967,130.77383873999673,0.5428429897953829,-0.23263377253128392,2506.6091949025777,2632.52801323943,2499.1476480654915,2623.8140720680203,0.5999253462798265,-0.17035224247242026,3,Roseland St
2022-04-21 14:00:00,2616.7,2490.7,26.044,35.9755,130.791,5.5,248400.0,2543.326786520035,2671.0154497392746,130.75113054174136,0.5178802721604512,-0.13053141121196238,2514.8767772354317,2640.5191141163587,2505.4303712019764,2630.544171785249,0.5948345365196495,-0.03481899477464388,3,Roseland St
2022-04-21 15:00:00,2645.05,2518.25,24.567500000000003,37.2965,130.6835,5.5,252000.0,2519.098678479274,2646.0136119094736,130.71752311804931,0.5011750215398354,-0.035299690027303744,2505.9302208463337,2631.0646498877504,2509.2832184004556,2634.6215076979597,0.5936139989027981,-0.03677245704342553,3,Roseland St
2022-04-21 16:00:00,2690.95,2561.2,22.453,38.7575,130.48,5.5,255600.0,2515.64828870963,2642.583674365902,130.7028946800074,0.4938338241337676,-0.078078485634127,2496.9624701248135,2623.148214968415,2508.1098955107745,2633.5483129063373,0.5875836037516537,-0.16104717828161,3,Roseland St
2022-04-21 17:00:00,2741.7,2610.8,20.031,40.33,130.644,5.5,259200.0,2547.1172123970637,2675.567599437297,130.64914659621655,0.4965517362931761,0.09755522525114865,2487.5135638637757,2612.733678356144,2500.0550634231413,2625.57469612585,0.5691414065892767,-0.018776322357751857,3,Roseland St
2022-04-21 18:00:00,2803.05,2669.7,17.137999999999998,42.4795,130.74,5.5,262800.0,2594.9821424627635,2725.729802905428,130.61401924633665,0.5007798324136487,0.11413122950659507,2476.427074571896,2601.533332570437,2490.221612676975,2615.9416716070227,0.5426106791819035,-0.014660221930002682,3,Roseland St
2022-04-21 19:00:00,2841.1,2706.4,15.421000000000001,44.899,130.3935,5.5,266400.0,2646.4178877948243,2778.9375419344706,130.61544477697083,0.5302722353709978,0.10437864628605589,2471.7209040854777,2596.6634245756786,2481.140303772407,2606.435621250023,0.5413182169364342,0.006821111283223391,3,Roseland St
2022-04-21 20:00:00,2859.95,2722.85,14.5875,47.086,130.615,5.5,270000.0,2688.9854140937878,2823.2582996168176,130.56903249635894,0.543724376238029,-0.08012627664133183,2468.2515152966716,2594.6938838163055,2473.893372943751,2599.1014730150237,0.530586591514502,-0.1327579383726453,3,Roseland St
2022-04-21 21:00:00,2867.2,2729.7,14.209999999999999,48.7145,130.5055,5.5,273600.0,2714.5925535837055,2850.3027518171775,130.54805946208936,0.5381659897034198,-0.13805002195076338,2466.151459645248,2592.649375371374,2469.758329483673,2595.270028863296,0.510822981515619,-0.16267282204492456,3,Roseland St
2022-04-21 22:00:00,2875.55,2738.7,13.819999999999999,48.847500000000004,130.708,5.5,277200.0,2727.141833880133,2864.0795482095637,130.56562367709938,0.5171980746296664,0.10083693046790317,2465.735184006198,2591.3275906313843,2467.2392535676263,2593.3529466884843,0.4826720684960527,0.08371806434098492,3,Roseland St
2022-04-21 23:00:00,2901.8,2762.9,12.645999999999999,49.28,130.755,5.5,280800.0,2738.328042892196,2875.8119224416755,130.67618777936627,0.5177307982193751,-0.031170847495802144,2461.9121080284954,2588.3927350892423,2465.330855836757,2591.493351802153,0.47702573877736326,-0.06598565300035023,3,Roseland St
2022-04-22 00:00:00,2922.2,2784.0,11.687000000000001,50.525999999999996,130.66,5.5,284400.0,2754.8466579252713,2892.983008879627,130.74453297686065,0.5238273945242121,0.18611618663763774,2460.019353314465,2585.1144941049306,2463.1373664589373,2589.251005129726,0.47457942976342676,0.1436050068837516,3,Roseland St
2022-04-22 01:00:00,2936.15,2799.15,11.003,51.841499999999996,130.692,5.5,288000.0,2775.276538101714,2913.543637915065,130.74685322844218,0.5545014266073742,0.2587515508479809,2458.7803702044466,2582.2807445945878,2460.746815027034,2586.216243543954,0.49475322500883295,0.22533987786098558,3,Roseland St
2022-04-22 02:00:00,2944.4,2806.1,10.667,52.914,130.529,5.5,291600.0,2792.3703417356683,2930.271151643722,130.6659933902536,0.5960591208568321,0.0185154340420774,2457.743742374871,2582.126664948325,2459.1232753024915,2583.6517987464954,0.5279612107101961,0.0005785314835071165,3,Roseland St
2022-04-22 03:00:00,2945.75,2808.45,10.583,53.76649999999999,130.699,5.5,295200.0,2802.6281956027187,2940.1360705437255,130.6398745563555,0.6266605051364718,0.0674888069649607,2458.021770435118,2581.4642678227315,2458.3222237253576,2582.1421360416093,0.5538283687546118,0.06031174299325413,3,Roseland St
2022-04-22 04:00:00,2954.65,2817.8,10.129999999999999,54.6635,130.564,5.5,298800.0,2808.6504832351234,2946.0912768483586,130.62677834496566,0.6389683004926558,0.08340704661235615,2456.621436739476,2579.318613618795,2457.6723304688476,2581.217992962035,0.5631842434143596,0.07191272250701304,3,Roseland St
2022-04-22 05:00:00,2961.8,2827.6,9.782,55.873000000000005,130.6565,5.5,302400.0,2815.465138682239,2952.180299427828,130.63213161996705,0.6748249003991222,0.3445314124836433,2457.827134417482,2577.959316387009,2457.1703187966023,2579.849673400796,0.595781617270883,0.3307525865822169,3,Roseland St
2022-04-22 06:00:00,2859.15,2723.35,14.5835,53.21900000000001,130.68800000000002,5.5,306000.0,2803.2216199413333,2938.9730294546803,130.64356869498766,0.6873678471196087,-0.37336097684395997,2468.6163578287096,2593.879142650126,2459.326358195007,2581.6391674238794,0.6141497811524488,-0.26805260332476427,3,Roseland St
2022-04-22 07:00:00,2833.9,2700.0,15.813999999999998,51.839,130.624,5.5,309600.0,2766.393080545081,2901.455677671746,130.6663140396667,0.6496350039273642,-0.2375679597733384,2474.619545339535,2599.1507561349854,2464.493930595917,2587.5712828911405,0.5945312522623258,-0.1377700795590648,3,Roseland St
2022-04-22 08:00:00,2794.8,2662.9,17.5925,48.3645,130.263,5.5,313200.0,2713.8998547805445,2848.2158619267907,130.57578654797723,0.5857755364205974,-0.021174149885708572,2480.419086157609,2604.5493159568477,2471.797707249448,2596.1517344594167,0.559406426759357,0.06343506820603162,3,Roseland St
2022-04-22 09:00:00,2739.5,2609.0,20.316,42.370999999999995,130.393,5.5,316800.0,2672.034614062091,2804.7800952008342,130.46842545219712,0.5679885376537277,-0.08952125573076294,2492.4399065127,2617.517891146954,2479.27118384413,2603.8347198379133,0.5657871295475759,0.01786613362004708,3,Roseland St
2022-04-22 10:00:00,2722.1,2591.2,21.1515,38.8055,130.462,5.5,320400.0,2633.2320207076255,2764.68909324835,130.38463498090826,0.5448465273397556,-0.18962340573558373,2495.041082487695,2621.2171068923567,2486.7389916477873,2611.6903921160783,0.5653070956261086,-0.11785669475195908,3,Roseland St
2022-04-22 11:00:00,2704.5,2574.15,21.9225,36.9045,130.631,5.5,324000.0,2599.5192439955194,2730.1161032775067,130.47299078176277,0.5146960129130618,-0.09127568124874871,2496.8712185868067,2623.180681019169,2493.4053511674774,2618.942795879354,0.5557225173595739,-0.046956956052082235,3,Roseland St
2022-04-22 12:00:00,2720.65,2588.65,21.201,36.4245,130.732,5.5,327600.0,2585.9493533909003,2716.931034909337,130.6139066890884,0.4754571290164698,-0.040671984822388395,2493.7569300999335,2621.0307975024107,2494.8181190306777,2621.247420652219,0.5244041246085251,-0.04428285697647392,3,Roseland St
2022-04-22 13:00:00,2707.3,2578.0,21.81,35.5065,130.89600000000002,5.5,331200.0,2581.5959120869475,2712.308663112004,130.7348145041397,0.47724680195281033,0.11706247554546896,2497.917050648689,2623.1139933624136,2495.657651953955,2622.0096666396676,0.5289736168024305,0.12721841998862882,3,Roseland St
2022-04-22 14:00:00,2708.05,2578.45,21.7,35.2975,130.493,5.5,334800.0,2581.8179632514043,2712.184181763526,130.73977251158155,0.49043772134335323,0.061831751846692484,2495.73700249016,2621.1272090061475,2495.685746048595,2621.6949366405056,0.5421034676383518,0.06795828184397186,3,Roseland St
2022-04-22 15:00:00,2725.8,2594.25,20.9635,34.689,130.866,5.5,338400.0,2582.0164687504907,2712.0576982524076,130.75026059699684,0.5027887711374378,-0.10591998416996022,2493.527444423858,2620.1669566961814,2495.966188490919,2621.666128002921,0.5544390475223959,-0.1261036748441801,3,Roseland St
2022-04-22 16:00:00,2726.45,2597.05,20.916,34.3985,130.7695,5.5,342000.0,2587.296333945146,2717.405963529792,130.70005874281864,0.5100543736911639,0.10393288669454206,2495.100273591051,2619.6329447257094,2495.126852425839,2620.6799675056777,0.5584287820425279,0.09007394586355755,3,Roseland St
2022-04-22 17:00:00,2744.35,2613.0,20.041,34.186,130.614,5.5,345600.0,2597.2959985756256,2727.9035589933414,130.76648866054427,0.5102312416754771,-0.005783246918785107,2489.828767625636,2615.4816188541417,2493.488902946233,2619.114561992667,0.5525122815076375,-0.03237315675683063,3,Roseland St
2022-04-22 18:00:00,2778.25,2645.8,18.4165,34.398,130.9255,5.5,349200.0,2611.1636892731017,2741.7705249207206,130.74705113875888,0.5356913317464176,0.0015916248715614422,2483.2547425347448,2608.5711404671856,2491.0462133044543,2616.0983740420133,0.569727473702875,-0.05760781786435663,3,Roseland St
2022-04-22 19:00:00,2821.3,2685.2,16.5035,35.5625,130.125,5.5,352800.0,2636.2570188086365,2768.736017868456,130.7046970676532,0.5134256955155928,-0.12794363536053377,2476.461235729427,2603.580420722145,2485.2790174382167,2611.0217526827623,0.5321778200324262,-0.2058676367479722,3,Roseland St
2022-04-22 20:00:00,2853.9,2716.2,15.005500000000001,36.723,130.442,5.5,356400.0,2670.3228268698103,2805.0963571356115,130.54462497343542,0.4926346498570594,-0.10545073513071253,2471.440335684321,2598.7809804102326,2478.965727347574,2605.4465095193145,0.4915861559152176,-0.17705852074961134,3,Roseland St
2022-04-22 21:00:00,2878.3,2738.6,13.875499999999999,37.3245,130.211,5.5,360000.0,2703.0544173142293,2840.2170434298073,130.3762574812298,0.46668918111737884,-0.08411369775271686,2466.8618563155333,2595.0675598736575,2473.140562642124,2600.4967256801883,0.44648414819859905,-0.13850917752239328,3,Roseland St
2022-04-22 22:00:00,2903.85,2763.15,12.747,37.918,130.7445,5.5,363600.0,2730.5586510437797,2869.5299690916045,130.37080191829017,0.45228371220913577,0.023027569102376716,2464.3174708159117,2592.4867370782313,2468.698655266787,2596.5890135426607,0.4171001186685174,-0.025374799062818042,3,Roseland St
2022-04-22 23:00:00,2924.45,2783.55,11.844,38.3875,130.6535,5.5,367200.0,2754.396929723469,2894.405954236073,130.5150871282051,0.45835431599614934,-0.0029020010280354338,2462.985965311167,2590.5991136724715,2465.4633710043413,2593.355478041845,0.41056939048361396,-0.042864448415292425,3,Roseland St
2022-04-23 00:00:00,2935.6,2794.6,11.2775,38.911500000000004,130.8295,5.5,370800.0,2774.465387803565,2915.3458270708275,130.7095740025489,0.4634379288124295,0.11667458280196692,2460.624425404913,2587.8643951982717,2463.1444604119943,2591.0512312650108,0.40536316771307257,0.08804460186261043,3,Roseland St
2022-04-23 01:00:00,2951.681818181818,2810.909090909091,10.61,39.29772727272727,130.72,5.136363636363637,374400.0,2791.528672474369,2932.466866674976,130.71615936685396,0.4910080389036567,0.0824849070795028,2460.751881315257,2587.262682132808,2461.710216041541,2589.0430847298853,0.42465138108826755,0.05907358469252278,3,Roseland St
2022-04-23 02:00:00,2488.2291666666665,2372.5666666666666,37.696374999999996,19.125375000000002,73.90370833333333,0.10416666666666667,378000.0,2606.416519837338,2733.908969853989,93.20931201548674,0.6411401469088318,0.0962237198385282,2713.294339898864,2838.4439702898076,2612.050254687518,2737.878504733803,0.760567532293732,0.4345289219321477,3,Roseland St
2022-04-23 03:00:00,2239.204166666667,2133.9416666666666,48.72345833333333,7.03475,73.325875,0.0,381600.0,2331.3472225229757,2445.578870452319,77.1048560512685,0.6328747423802966,-0.011768685602352162,2781.7022895071923,2905.316526431365,2716.7210384795744,2841.5209736504976,0.9762574189519121,0.1516303987261092,3,Roseland St
2022-04-23 04:00:00,2197.704166666667,2093.5125,51.110708333333335,5.34725,72.95958333333333,0.0,385200.0,2217.5148162477785,2326.646633246919,73.76538561845047,0.6122217410079329,-0.049496473375990134,2815.2539198929803,2939.9217124838488,2759.479681803781,2883.915766716506,1.057088212436672,0.08932724855639211,3,Roseland St
2022-04-23 05:00:00,2158.9166666666665,2051.491666666667,54.575541666666666,4.593875,73.64658333333334,0.0,388800.0,2111.1947721354168,2216.201595052083,73.19413333333334,0.5622132363021152,-0.14309134553042077,2891.785720567296,3024.738222752555,2808.546667629507,2933.409507213331,1.11805241470931,-0.033436492316219604,3,Roseland St
2022-04-23 06:00:00,2118.8541666666665,2016.3958333333333,59.789833333333334,3.5256666666666665,75.31970833333334,0.0,392400.0,2066.3820182291665,2171.752018229167,73.70888222656251,0.4429689336880783,-0.060171908823665944,3064.7805097091964,3195.826476134722,2882.9422098219907,3012.0396597680874,1.0869373135316878,0.082049543643021,3,Roseland St
2022-04-23 07:00:00,2308.383333333333,2194.8333333333335,41.632124999999995,6.032,70.98037500000001,0.0,396000.0,2050.7802994791664,2156.4098046875,73.761504296875,0.39418757086156586,-0.09518443900995545,2636.151063878063,2762.911953079544,2916.5518097706527,3047.1264856972753,1.08781155918878,-0.176650835927297,3,Roseland St
2022-04-23 08:00:00,2639.195833333333,2507.6625,25.03308333333333,12.448791666666667,69.05470833333334,0.0,399600.0,2173.5391145833332,2286.2355013020833,72.47571419270834,0.36102955029115097,0.0659585803417429,2506.881350561894,2637.159547926095,2789.514935023498,2919.6117206736185,0.9089570116217006,-0.1908084468015818,3,Roseland St
2022-04-23 09:00:00,2703.2291666666665,2569.6875,22.193291666666667,16.09175,68.34750000000001,0.0,403200.0,2370.7162955729164,2493.9177994791667,70.08716061197917,0.35063685089530083,-0.0935666494783771,2498.9916755438776,2628.6431925563516,2597.6149947182503,2726.5027605532046,0.6227135356563612,-0.5183713237558165,3,Roseland St
2022-04-23 10:00:00,2718.9166666666665,2584.4958333333334,21.487458333333333,17.687833333333334,68.51129166666666,0.0,406800.0,2532.5941276041663,2664.6067317708334,68.79935729166667,0.33524048499162357,0.0051360855664418816,2496.5231660714367,2626.3898197026188,2504.6934435393923,2634.394210656983,0.41913071918492223,-0.08433473670685773,3,Roseland St
2022-04-23 11:00:00,2724.108333333333,2589.325,21.245166666666666,18.250083333333336,68.59404166666667,0.0,410400.0,2576.5951236979167,2710.6389908854167,68.48007011718751,0.34492387093421156,0.0073143086510607976,2495.4388713241183,2625.4376962369784,2497.732999374745,2627.5697373316893,0.40026788699496235,-0.0079652154464916,3,Roseland St
2022-04-23 12:00:00,2726.4625550660794,2592.6607929515417,21.138898678414098,18.52079295154185,68.6604845814978,0.0,414000.0,2587.0666781387667,2721.4934264867843,68.55536563876653,0.3508738094273573,0.015119572026105572,2496.1374668139642,2625.095843999478,2496.137404496817,2625.901325228611,0.39988290497591084,0.010191227944167163,3,Roseland St
