date,Isig,Iref,TEMP,RH,FR,INDEX,elapsed_time,location,event
2022-04-12 16:45:00,834,991,30.81,19.49,112.88,1,0,Western Ave,1
2022-04-12 16:45:15,831,986,30.83,20.35,107.3,2,15,Western Ave,1
2022-04-12 16:45:30,829,981,30.85,19.65,109.68,3,30,Western Ave,1
2022-04-12 16:45:45,830,977,30.96,19.56,110.08,4,45,Western Ave,1
2022-04-12 17:14:45,852,1009,27.88,14.93,108.34,1,1785,Western Ave,1
2022-04-12 17:15:00,853,1006,27.96,22.29,114.62,2,1800,Western Ave,1
2022-04-12 17:15:15,851,1008,28.02,22.24,111.88,3,1815,Western Ave,1
2022-04-12 17:15:30,855,1007,28.16,22.01,109.74,4,1830,Western Ave,1
2022-04-12 17:44:30,867,1029,26.4,16.9,108.22,1,3570,Western Ave,1
2022-04-12 17:44:45,869,1027,26.47,23.41,114.75,2,3585,Western Ave,1
2022-04-12 17:45:00,867,1026,26.6,23.86,114.35,3,3600,Western Ave,1
2022-04-12 17:45:15,868,1025,26.64,23.94,110.99,4,3615,Western Ave,1
2022-04-12 18:14:15,879,1036,25.07,18.55,108.12,1,5355,Western Ave,1
2022-04-12 18:14:30,878,1043,25.2,23.58,114.53,2,5370,Western Ave,1
2022-04-12 18:14:45,883,1039,25.36,23.73,114.35,3,5385,Western Ave,1
2022-04-12 18:15:00,881,1043,25.37,24.02,111.05,4,5400,Western Ave,1
2022-04-12 18:44:00,891,1061,23.8,19.44,108.03,1,7140,Western Ave,1
2022-04-12 18:44:15,896,1061,23.97,25.33,114.23,2,7155,Western Ave,1
2022-04-12 18:44:30,894,1060,24.14,25.26,111.72,3,7170,Western Ave,1
2022-04-12 18:44:45,888,1052,24.17,25.36,110.96,4,7185,Western Ave,1
2022-04-12 19:13:45,905,1070,23.01,20.6,109.19,1,8925,Western Ave,1
2022-04-12 19:14:00,906,1073,23.09,27.17,114.35,2,8940,Western Ave,1
2022-04-12 19:14:15,907,1069,23.26,27.71,111.88,3,8955,Western Ave,1
2022-04-12 19:14:30,904,1069,23.19,27.66,111.24,4,8970,Western Ave,1
2022-04-12 19:43:30,914,1081,22.04,21.52,108.95,1,10710,Western Ave,1
2022-04-12 19:43:45,913,1079,22.24,29.05,109.99,2,10725,Western Ave,1
2022-04-12 19:44:00,912,1078,22.21,29.19,113.16,3,10740,Western Ave,1
2022-04-12 19:44:15,914,1080,22.43,29.33,110.75,4,10755,Western Ave,1
2022-04-12 20:13:15,924,1087,21.38,22.42,107.85,1,12495,Western Ave,1
2022-04-12 20:13:30,920,1086,21.45,30.67,114.9,2,12510,Western Ave,1
2022-04-12 20:13:45,919,1088,21.59,31.13,111.45,3,12525,Western Ave,1
2022-04-12 20:14:00,923,1086,21.62,31.06,110.75,4,12540,Western Ave,1
2022-04-12 20:43:00,928,1094,20.73,23.34,108.8,1,14280,Western Ave,1
2022-04-12 20:43:15,930,1101,20.75,32.33,110.93,2,14295,Western Ave,1
2022-04-12 20:43:30,928,1102,20.91,32.43,111.51,3,14310,Western Ave,1
2022-04-12 20:43:45,930,1100,20.98,32.63,110.75,4,14325,Western Ave,1
2022-04-12 21:12:45,934,1105,20.12,24.24,108.8,1,16065,Western Ave,1
2022-04-12 21:13:00,936,1108,20.17,33.64,111.3,2,16080,Western Ave,1
2022-04-12 21:13:15,939,1107,20.41,34.41,111.6,3,16095,Western Ave,1
2022-04-12 21:13:30,936,1103,20.43,34.85,110.57,4,16110,Western Ave,1
2022-04-12 21:42:30,946,1113,19.58,24.9,109.04,1,17850,Western Ave,1
2022-04-12 21:42:45,940,1112,19.72,34.06,111.3,2,17865,Western Ave,1
2022-04-12 21:43:00,944,1112,19.85,34.92,112.67,3,17880,Western Ave,1
2022-04-12 21:43:15,941,1111,19.91,35.04,110.66,4,17895,Western Ave,1
2022-04-12 22:12:15,946,1119,19.06,25.6,108.58,1,19635,Western Ave,1
2022-04-12 22:12:30,950,1126,19.14,35.68,111.18,2,19650,Western Ave,1
2022-04-12 22:12:45,945,1120,19.34,36.44,112.61,3,19665,Western Ave,1
2022-04-12 22:13:00,948,1119,19.38,36.03,110.66,4,19680,Western Ave,1
2022-04-12 22:42:00,951,1124,18.63,26.25,108.89,1,21420,Western Ave,1
2022-04-12 22:42:15,952,1123,18.73,35.83,111.54,2,21435,Western Ave,1
2022-04-12 22:42:30,957,1129,18.84,36.75,111.76,3,21450,Western Ave,1
2022-04-12 22:42:45,953,1125,18.97,36.62,110.93,4,21465,Western Ave,1
2022-04-12 23:11:45,962,1136,17.91,26.85,108.89,1,23205,Western Ave,1
2022-04-12 23:12:00,960,1137,18.08,35.83,111.24,2,23220,Western Ave,1
2022-04-12 23:12:15,960,1132,18.18,36.64,112.79,3,23235,Western Ave,1
2022-04-12 23:12:30,960,1132,18.35,36.69,110.75,4,23250,Western Ave,1
2022-04-12 23:41:30,963,1143,17.68,27.36,108.8,1,24990,Western Ave,1
2022-04-12 23:41:45,964,1142,17.81,36.23,112.18,2,25005,Western Ave,1
2022-04-12 23:42:00,962,1140,17.94,36.98,113.1,3,25020,Western Ave,1
2022-04-12 23:42:15,965,1134,17.97,36.78,110.93,4,25035,Western Ave,1
2022-04-13 00:11:15,966,1139,17.43,27.66,109.04,1,26775,Western Ave,1
2022-04-13 00:11:30,967,1140,17.46,35.91,114.93,2,26790,Western Ave,1
2022-04-13 00:11:45,968,1142,17.6,36.69,113.95,3,26805,Western Ave,1
2022-04-13 00:12:00,967,1139,17.74,36.75,110.93,4,26820,Western Ave,1
2022-04-13 00:41:00,976,1145,17.05,28.04,109.04,1,28560,Western Ave,1
2022-04-13 00:41:15,970,1145,17.13,37.08,114.65,2,28575,Western Ave,1
2022-04-13 00:41:30,969,1146,17.31,37.97,114.2,3,28590,Western Ave,1
2022-04-13 00:41:45,973,1147,17.36,38.07,110.96,4,28605,Western Ave,1
2022-04-13 01:10:45,971,1148,16.71,28.53,109.1,1,30345,Western Ave,1
2022-04-13 01:11:00,975,1152,16.71,37.36,114.01,2,30360,Western Ave,1
2022-04-13 01:11:15,973,1152,16.76,38.3,112.85,3,30375,Western Ave,1
2022-04-13 01:11:30,976,1152,16.92,38.31,110.53,4,30390,Western Ave,1
2022-04-13 01:40:30,984,1161,16.28,28.79,109.31,1,32130,Western Ave,1
2022-04-13 01:40:45,984,1161,16.32,36.27,113.65,2,32145,Western Ave,1
2022-04-13 01:41:00,978,1160,16.51,37.26,112.85,3,32160,Western Ave,1
2022-04-13 01:41:15,981,1156,16.48,37.04,110.57,4,32175,Western Ave,1
2022-04-13 02:10:15,992,1172,15.62,28.99,109.04,1,33915,Western Ave,1
2022-04-13 02:10:30,985,1170,15.73,39.08,113.37,2,33930,Western Ave,1
2022-04-13 02:10:45,989,1164,15.87,39.95,113.59,3,33945,Western Ave,1
2022-04-13 02:11:00,990,1167,15.9,40.18,110.35,4,33960,Western Ave,1
2022-04-13 02:40:00,992,1176,15.05,29.38,109.19,1,35700,Western Ave,1
2022-04-13 02:40:15,994,1176,15.09,37.65,112.98,2,35715,Western Ave,1
2022-04-13 02:40:30,995,1174,15.25,38.56,114.75,3,35730,Western Ave,1
2022-04-13 02:40:45,994,1179,15.35,39.06,110.81,4,35745,Western Ave,1
2022-04-13 03:09:45,997,1183,14.54,29.69,108.83,1,37485,Western Ave,1
2022-04-13 03:10:00,999,1180,14.74,39.24,112.37,2,37500,Western Ave,1
2022-04-13 03:10:15,998,1182,14.91,40.33,112.88,3,37515,Western Ave,1
2022-04-13 03:10:30,1000,1181,14.98,40.6,110.53,4,37530,Western Ave,1
2022-04-13 03:39:30,1008,1190,14.24,30.11,108.89,1,39270,Western Ave,1
2022-04-13 03:39:45,1006,1191,14.29,40.58,112.21,2,39285,Western Ave,1
2022-04-13 03:40:00,1005,1192,14.48,42.29,114.5,3,39300,Western Ave,1
2022-04-13 03:40:15,1005,1186,14.57,42.5,110.57,4,39315,Western Ave,1
2022-04-13 04:09:15,1008,1192,13.64,30.63,109.68,1,41055,Western Ave,1
2022-04-13 04:09:30,1008,1200,13.78,42.1,111.76,2,41070,Western Ave,1
2022-04-13 04:09:45,1015,1194,13.82,43.41,114.93,3,41085,Western Ave,1
2022-04-13 04:10:00,1017,1193,13.89,44.12,112.61,4,41100,Western Ave,1
2022-04-13 04:39:00,1023,1211,13.07,31.2,109.41,1,42840,Western Ave,1
2022-04-13 04:39:15,1025,1206,13.21,42.75,111.54,2,42855,Western Ave,1
2022-04-13 04:39:30,1021,1205,13.33,44.83,114.44,3,42870,Western Ave,1
2022-04-13 04:39:45,1019,1202,13.48,45.26,114.2,4,42885,Western Ave,1
2022-04-13 05:08:45,1028,1205,12.76,31.66,111.11,1,44625,Western Ave,1
2022-04-13 05:09:00,1022,1213,12.94,43.18,111.11,2,44640,Western Ave,1
2022-04-13 05:09:15,1022,1212,12.93,45.07,114.11,3,44655,Western Ave,1
2022-04-13 05:09:30,1020,1215,13.04,45.35,114.11,4,44670,Western Ave,1
2022-04-13 05:38:30,1032,1215,12.49,32.17,111.11,1,46410,Western Ave,1
2022-04-13 05:38:45,1032,1212,12.59,44.21,110.99,2,46425,Western Ave,1
2022-04-13 05:39:00,1031,1221,12.76,46.27,113.95,3,46440,Western Ave,1
2022-04-13 05:39:15,1025,1217,12.82,46.31,113.71,4,46455,Western Ave,1
2022-04-13 06:08:15,1035,1221,12.55,32.57,111.3,1,48195,Western Ave,1
2022-04-13 06:08:30,1027,1212,12.72,41.97,110.84,2,48210,Western Ave,1
2022-04-13 06:08:45,1028,1213,12.76,43.6,113.74,3,48225,Western Ave,1
2022-04-13 06:09:00,1028,1213,12.87,43.74,113.49,4,48240,Western Ave,1
2022-04-13 06:38:00,1022,1206,12.72,32.72,111.11,1,49980,Western Ave,1
2022-04-13 06:38:15,1026,1210,12.75,42.2,110.32,2,49995,Western Ave,1
2022-04-13 06:38:30,1027,1210,13.01,43.5,113.49,3,50010,Western Ave,1
2022-04-13 06:38:45,1027,1212,13.1,43.78,113.19,4,50025,Western Ave,1
2022-04-13 07:07:45,1025,1210,13.08,32.81,111.24,1,51765,Western Ave,1
2022-04-13 07:08:00,1024,1206,13.07,37.99,109.68,2,51780,Western Ave,1
2022-04-13 07:08:15,1020,1206,13.22,39.24,113.49,3,51795,Western Ave,1
2022-04-13 07:08:30,1022,1206,13.27,39.38,112.76,4,51810,Western Ave,1
2022-04-13 07:37:30,1012,1200,13.66,32.53,110.99,1,53550,Western Ave,1
2022-04-13 07:37:45,1009,1200,13.69,35.1,109.74,2,53565,Western Ave,1
2022-04-13 07:38:00,1016,1195,13.79,35.3,113.62,3,53580,Western Ave,1
2022-04-13 07:38:15,1016,1197,13.95,35.08,113.04,4,53595,Western Ave,1
2022-04-13 08:07:15,1005,1183,14.78,31.91,110.32,1,55335,Western Ave,1
2022-04-13 08:07:30,996,1184,14.84,31.89,109.53,2,55350,Western Ave,1
2022-04-13 08:07:45,1000,1178,14.98,32.14,114.35,3,55365,Western Ave,1
2022-04-13 08:08:00,999,1185,15.09,32.54,113.28,4,55380,Western Ave,1
2022-04-13 08:37:00,987,1164,16.01,31.44,109.77,1,57120,Western Ave,1
2022-04-13 08:37:15,984,1162,16.2,30.14,109.74,2,57135,Western Ave,1
2022-04-13 08:37:30,983,1164,16.4,29.78,114.65,3,57150,Western Ave,1
2022-04-13 08:37:45,987,1163,16.41,30.12,114.07,4,57165,Western Ave,1
2022-04-13 09:06:45,971,1148,17.58,30.7,108.83,1,58905,Western Ave,1
2022-04-13 09:07:00,968,1142,17.7,27.65,109.53,2,58920,Western Ave,1
2022-04-13 09:07:15,968,1143,17.85,26.09,114.62,3,58935,Western Ave,1
2022-04-13 09:07:30,965,1146,17.87,26.09,114.56,4,58950,Western Ave,1
2022-04-13 09:36:30,931,1097,21.35,29.94,105.83,1,60690,Western Ave,1
2022-04-13 09:36:45,927,1093,21.5,20.27,110.14,2,60705,Western Ave,1
2022-04-13 09:37:00,926,1100,21.6,20.36,114.35,3,60720,Western Ave,1
2022-04-13 09:37:15,924,1093,21.93,20.68,110.75,4,60735,Western Ave,1
2022-04-13 10:06:15,862,1026,26.9,29.4,112.18,1,62475,Western Ave,1
2022-04-13 10:06:30,860,1019,27.03,14.91,110.53,2,62490,Western Ave,1
2022-04-13 10:06:45,868,1021,27.18,14.55,111.76,3,62505,Western Ave,1
2022-04-13 10:07:00,863,1025,27.34,14.42,110.81,4,62520,Western Ave,1
2022-04-13 10:36:00,818,964,31.57,28.2,111.72,1,64260,Western Ave,1
2022-04-13 10:36:15,815,968,31.74,12.63,110.99,2,64275,Western Ave,1
2022-04-13 10:36:30,816,966,31.92,12.38,114.07,3,64290,Western Ave,1
2022-04-13 10:36:45,815,964,32.0,12.11,111.3,4,64305,Western Ave,1
2022-04-13 11:05:45,791,935,33.92,26.97,111.45,1,66045,Western Ave,1
2022-04-13 11:06:00,793,940,34.1,10.54,110.99,2,66060,Western Ave,1
2022-04-13 11:06:15,788,937,34.16,11.02,114.2,3,66075,Western Ave,1
2022-04-13 11:06:30,792,936,34.25,10.69,111.24,4,66090,Western Ave,1
2022-04-13 11:35:30,774,918,35.81,26.24,111.3,1,67830,Western Ave,1
2022-04-13 11:35:45,773,918,35.81,10.59,110.99,2,67845,Western Ave,1
2022-04-13 11:36:00,775,915,35.99,10.12,113.62,3,67860,Western Ave,1
2022-04-13 11:36:15,774,913,36.03,10.11,111.54,4,67875,Western Ave,1
2022-04-13 12:05:15,780,938,34.78,24.83,111.76,1,69615,Western Ave,1
2022-04-13 12:05:30,782,930,34.89,12.06,110.57,2,69630,Western Ave,1
2022-04-13 12:05:45,778,930,34.97,11.6,114.9,3,69645,Western Ave,1
2022-04-13 12:06:00,781,925,35.09,11.96,111.3,4,69660,Western Ave,1
2022-04-13 12:35:00,792,932,34.12,24.26,112.03,1,71400,Western Ave,1
2022-04-13 12:35:15,786,934,34.05,13.15,110.23,2,71415,Western Ave,1
2022-04-13 12:35:30,790,938,34.22,12.57,114.5,3,71430,Western Ave,1
2022-04-13 12:35:45,790,933,34.36,12.8,110.63,4,71445,Western Ave,1
2022-04-13 13:04:45,801,946,33.12,23.77,112.09,1,73185,Western Ave,1
2022-04-13 13:05:00,801,945,33.08,13.1,110.08,2,73200,Western Ave,1
2022-04-13 13:05:15,795,946,33.23,12.96,112.21,3,73215,Western Ave,1
2022-04-13 13:05:30,801,949,33.4,12.81,111.76,4,73230,Western Ave,1
2022-04-13 13:34:30,818,970,31.1,23.17,112.98,1,74970,Western Ave,1
2022-04-13 13:34:45,819,977,31.15,12.96,109.77,2,74985,Western Ave,1
2022-04-13 13:35:00,817,978,31.18,14.33,112.88,3,75000,Western Ave,1
2022-04-13 13:35:15,821,971,31.3,13.42,110.93,4,75015,Western Ave,1
2022-04-13 14:04:15,828,977,30.2,22.69,112.85,1,76755,Western Ave,1
2022-04-13 14:04:30,830,980,30.38,14.96,109.74,2,76770,Western Ave,1
2022-04-13 14:04:45,826,982,30.44,14.31,114.9,3,76785,Western Ave,1
2022-04-13 14:05:00,826,982,30.62,13.83,111.08,4,76800,Western Ave,1
2022-04-13 14:34:00,825,976,31.02,22.81,112.64,1,78540,Western Ave,1
2022-04-13 14:34:15,826,973,31.18,13.57,109.65,2,78555,Western Ave,1
2022-04-13 14:34:30,821,976,31.22,13.36,114.44,3,78570,Western Ave,1
2022-04-13 14:34:45,825,973,31.3,12.92,111.24,4,78585,Western Ave,1
2022-04-13 15:03:45,816,966,31.49,22.81,112.21,1,80325,Western Ave,1
2022-04-13 15:04:00,813,965,31.67,13.16,110.14,2,80340,Western Ave,1
2022-04-13 15:04:15,815,963,31.54,13.57,112.0,3,80355,Western Ave,1
2022-04-13 15:04:30,812,973,31.8,13.56,110.99,4,80370,Western Ave,1
2022-04-13 15:33:30,825,978,30.45,22.35,112.3,1,82110,Western Ave,1
2022-04-13 15:33:45,828,977,30.59,15.09,109.99,2,82125,Western Ave,1
2022-04-13 15:34:00,828,979,30.58,14.86,113.65,3,82140,Western Ave,1
2022-04-13 15:34:15,823,980,30.75,14.45,111.11,4,82155,Western Ave,1
2022-04-13 16:03:15,835,984,29.44,22.45,112.67,1,83895,Western Ave,1
2022-04-13 16:03:30,838,994,29.52,15.29,110.08,2,83910,Western Ave,1
2022-04-13 16:03:45,834,995,29.62,15.45,114.9,3,83925,Western Ave,1
2022-04-13 16:04:00,836,990,29.73,15.31,113.1,4,83940,Western Ave,1
2022-04-13 16:33:00,844,1006,28.88,22.42,105.07,1,85680,Western Ave,1
2022-04-13 16:33:15,845,997,28.79,16.85,109.65,2,85695,Western Ave,1
2022-04-13 16:33:30,841,1001,28.99,17.35,114.11,3,85710,Western Ave,1
2022-04-13 16:33:45,848,998,29.04,17.37,114.23,4,85725,Western Ave,1
2022-04-13 17:02:45,857,1015,27.71,22.6,106.17,1,87465,Western Ave,1
2022-04-13 17:03:00,850,1015,27.72,18.0,109.89,2,87480,Western Ave,1
2022-04-13 17:03:15,856,1013,27.88,17.51,113.31,3,87495,Western Ave,1
2022-04-13 17:03:30,857,1015,28.0,17.41,113.49,4,87510,Western Ave,1
2022-04-13 17:32:30,862,1030,26.53,22.47,107.76,1,89250,Western Ave,1
2022-04-13 17:32:45,866,1031,26.62,21.58,109.62,2,89265,Western Ave,1
2022-04-13 17:33:00,868,1027,26.79,21.81,112.37,3,89280,Western Ave,1
2022-04-13 17:33:15,864,1029,26.73,22.51,112.3,4,89295,Western Ave,1
2022-04-13 18:02:15,879,1034,25.72,22.98,108.0,1,91035,Western Ave,1
2022-04-13 18:02:30,881,1033,25.81,26.15,109.65,2,91050,Western Ave,1
2022-04-13 18:02:45,874,1043,25.92,26.25,112.06,3,91065,Western Ave,1
2022-04-13 18:03:00,876,1035,26.02,26.68,111.51,4,91080,Western Ave,1
2022-04-13 18:32:00,882,1049,24.76,23.89,108.95,1,92820,Western Ave,1
2022-04-13 18:32:15,891,1048,24.8,29.85,109.41,2,92835,Western Ave,1
2022-04-13 18:32:30,887,1048,24.99,30.03,114.9,3,92850,Western Ave,1
2022-04-13 18:32:45,889,1047,25.09,29.59,110.99,4,92865,Western Ave,1
2022-04-13 19:01:45,897,1063,23.94,24.88,108.58,1,94605,Western Ave,1
2022-04-13 19:02:00,896,1061,24.04,33.88,109.68,2,94620,Western Ave,1
2022-04-13 19:02:15,891,1063,24.09,33.97,114.75,3,94635,Western Ave,1
2022-04-13 19:02:30,893,1060,24.22,34.01,110.32,4,94650,Western Ave,1
2022-04-13 19:31:30,907,1069,23.12,26.0,109.68,1,96390,Western Ave,1
2022-04-13 19:31:45,904,1071,23.32,37.62,109.62,2,96405,Western Ave,1
2022-04-13 19:32:00,904,1070,23.36,38.01,114.65,3,96420,Western Ave,1
2022-04-13 19:32:15,902,1074,23.36,38.07,111.54,4,96435,Western Ave,1
2022-04-13 20:01:15,917,1080,22.47,26.97,108.95,1,98175,Western Ave,1
2022-04-13 20:01:30,911,1080,22.61,40.65,109.1,2,98190,Western Ave,1
2022-04-13 20:01:45,909,1076,22.74,41.13,114.9,3,98205,Western Ave,1
2022-04-13 20:02:00,915,1081,22.79,41.36,114.53,4,98220,Western Ave,1
2022-04-13 20:31:00,919,1082,21.93,28.2,107.57,1,99960,Western Ave,1
2022-04-13 20:31:15,921,1086,22.06,43.54,109.53,2,99975,Western Ave,1
2022-04-13 20:31:30,918,1088,22.15,44.45,114.62,3,99990,Western Ave,1
2022-04-13 20:31:45,919,1090,22.28,44.66,114.01,4,100005,Western Ave,1
2022-04-13 21:00:45,929,1097,21.29,29.4,107.85,1,101745,Western Ave,1
2022-04-13 21:01:00,926,1095,21.5,45.56,109.41,2,101760,Western Ave,1
2022-04-13 21:01:15,926,1093,21.59,46.71,113.19,3,101775,Western Ave,1
2022-04-13 21:01:30,925,1097,21.63,46.82,113.1,4,101790,Western Ave,1
2022-04-13 21:30:30,927,1104,21.02,30.58,107.39,1,103530,Western Ave,1
2022-04-13 21:30:45,930,1104,21.15,47.11,109.53,2,103545,Western Ave,1
2022-04-13 21:31:00,924,1099,21.19,48.14,114.35,3,103560,Western Ave,1
2022-04-13 21:31:15,929,1103,21.28,48.21,112.67,4,103575,Western Ave,1
2022-04-13 22:00:15,937,1107,20.55,31.6,108.83,1,105315,Western Ave,1
2022-04-13 22:00:30,935,1108,20.67,48.57,109.34,2,105330,Western Ave,1
2022-04-13 22:00:45,931,1105,20.81,49.79,114.35,3,105345,Western Ave,1
2022-04-13 22:01:00,937,1105,20.88,49.98,112.21,4,105360,Western Ave,1
2022-04-13 22:30:00,936,1112,20.43,32.64,108.83,1,107100,Western Ave,1
2022-04-13 22:30:15,932,1106,20.48,45.61,110.53,2,107115,Western Ave,1
2022-04-13 22:30:30,938,1111,20.6,45.17,112.21,3,107130,Western Ave,1
2022-04-13 22:30:45,937,1109,20.67,44.8,112.03,4,107145,Western Ave,1
2022-04-13 22:59:45,941,1117,19.81,32.57,107.67,1,108885,Western Ave,1
2022-04-13 23:00:00,945,1118,19.88,35.09,109.31,2,108900,Western Ave,1
2022-04-13 23:00:15,941,1116,20.09,35.83,114.38,3,108915,Western Ave,1
2022-04-13 23:00:30,939,1115,20.19,35.59,111.24,4,108930,Western Ave,1
2022-04-13 23:29:30,950,1130,19.0,31.71,109.53,1,110670,Western Ave,1
2022-04-13 23:29:45,949,1131,19.04,35.21,109.41,2,110685,Western Ave,1
2022-04-13 23:30:00,950,1125,19.24,35.87,111.51,3,110700,Western Ave,1
2022-04-13 23:30:15,950,1124,19.38,36.12,110.84,4,110715,Western Ave,1
2022-04-13 23:59:15,959,1140,18.12,31.22,109.86,1,112455,Western Ave,1
2022-04-13 23:59:30,960,1137,18.26,38.8,109.53,2,112470,Western Ave,1
2022-04-13 23:59:45,961,1142,18.48,40.23,111.39,3,112485,Western Ave,1
2022-04-14 00:00:00,962,1137,18.45,38.93,110.57,4,112500,Western Ave,1
2022-04-14 00:29:00,975,1146,17.46,31.32,109.74,1,114240,Western Ave,1
2022-04-14 00:29:15,972,1154,17.48,38.62,109.34,2,114255,Western Ave,1
2022-04-14 00:29:30,971,1147,17.66,39.11,114.75,3,114270,Western Ave,1
2022-04-14 00:29:45,967,1151,17.77,39.29,110.93,4,114285,Western Ave,1
2022-04-14 00:58:45,973,1163,16.87,31.49,110.08,1,116025,Western Ave,1
2022-04-14 00:59:00,981,1160,17.01,40.25,109.41,2,116040,Western Ave,1
2022-04-14 00:59:15,977,1161,17.01,41.41,114.56,3,116055,Western Ave,1
2022-04-14 00:59:30,979,1162,17.19,41.66,110.75,4,116070,Western Ave,1
2022-04-14 01:28:30,986,1169,16.4,31.87,110.08,1,117810,Western Ave,1
2022-04-14 01:28:45,982,1169,16.41,42.03,109.31,2,117825,Western Ave,1
2022-04-14 01:29:00,980,1162,16.64,43.1,114.44,3,117840,Western Ave,1
2022-04-14 01:29:15,987,1170,16.76,43.4,110.53,4,117855,Western Ave,1
2022-04-14 01:58:15,987,1166,16.07,32.32,110.53,1,119595,Western Ave,1
2022-04-14 01:58:30,991,1177,16.08,42.6,109.04,2,119610,Western Ave,1
2022-04-14 01:58:45,988,1168,16.25,43.87,114.07,3,119625,Western Ave,1
2022-04-14 01:59:00,983,1173,16.35,44.05,110.26,4,119640,Western Ave,1
2022-04-14 02:28:00,993,1174,15.67,32.58,110.57,1,121380,Western Ave,1
2022-04-14 02:28:15,993,1179,15.69,43.56,109.04,2,121395,Western Ave,1
2022-04-14 02:28:30,993,1177,15.84,45.02,114.2,3,121410,Western Ave,1
2022-04-14 02:28:45,994,1185,15.94,45.12,110.35,4,121425,Western Ave,1
2022-04-14 02:57:45,995,1186,15.31,33.08,110.26,1,123165,Western Ave,1
2022-04-14 02:58:00,1000,1186,15.35,44.09,109.99,2,123180,Western Ave,1
2022-04-14 02:58:15,1001,1179,15.49,45.27,114.44,3,123195,Western Ave,1
2022-04-14 02:58:30,995,1179,15.6,45.46,111.54,4,123210,Western Ave,1
2022-04-14 03:27:30,1001,1186,14.94,33.48,110.35,1,124950,Western Ave,1
2022-04-14 03:27:45,1001,1183,15.03,45.24,108.95,2,124965,Western Ave,1
2022-04-14 03:28:00,998,1185,15.18,46.88,114.53,3,124980,Western Ave,1
2022-04-14 03:28:15,1002,1184,15.28,47.23,111.05,4,124995,Western Ave,1
2022-04-14 03:57:15,1005,1188,14.77,34.08,110.26,1,126735,Western Ave,1
2022-04-14 03:57:30,1008,1194,14.92,46.19,109.77,2,126750,Western Ave,1
2022-04-14 03:57:45,1006,1192,14.96,48.03,114.5,3,126765,Western Ave,1
2022-04-14 03:58:00,1004,1188,15.19,48.31,110.99,4,126780,Western Ave,1
2022-04-14 04:27:00,1005,1193,14.7,34.45,110.02,1,128520,Western Ave,1
2022-04-14 04:27:15,1008,1195,14.7,46.95,109.68,2,128535,Western Ave,1
2022-04-14 04:27:30,1010,1196,14.75,48.87,114.35,3,128550,Western Ave,1
2022-04-14 04:27:45,1010,1194,14.87,49.1,111.11,4,128565,Western Ave,1
2022-04-14 04:56:45,1008,1194,14.27,34.87,110.75,1,130305,Western Ave,1
2022-04-14 04:57:00,1016,1196,14.39,47.48,109.62,2,130320,Western Ave,1
2022-04-14 04:57:15,1013,1204,14.57,49.44,114.35,3,130335,Western Ave,1
2022-04-14 04:57:30,1009,1195,14.67,49.92,111.11,4,130350,Western Ave,1
2022-04-14 05:26:30,1017,1202,14.02,35.44,110.75,1,132090,Western Ave,1
2022-04-14 05:26:45,1013,1198,14.03,48.56,109.34,2,132105,Western Ave,1
2022-04-14 05:27:00,1015,1208,14.2,50.81,114.23,3,132120,Western Ave,1
2022-04-14 05:27:15,1013,1204,14.39,51.25,110.99,4,132135,Western Ave,1
2022-04-14 05:56:15,1018,1205,13.92,35.73,110.63,1,133875,Western Ave,1
2022-04-14 05:56:30,1016,1205,14.03,49.13,109.04,2,133890,Western Ave,1
2022-04-14 05:56:45,1017,1206,14.13,51.42,114.2,3,133905,Western Ave,1
2022-04-14 05:57:00,1014,1204,14.33,51.56,111.11,4,133920,Western Ave,1
2022-04-14 06:26:00,1011,1200,13.88,36.3,110.75,1,135660,Western Ave,1
2022-04-14 06:26:15,1019,1205,14.09,49.37,109.77,2,135675,Western Ave,1
2022-04-14 06:26:30,1013,1202,14.23,51.47,113.62,3,135690,Western Ave,1
2022-04-14 06:26:45,1013,1203,14.29,51.96,111.24,4,135705,Western Ave,1
2022-04-14 06:55:45,1019,1206,14.08,36.73,110.57,1,137445,Western Ave,1
2022-04-14 06:56:00,1016,1196,14.13,49.76,109.62,2,137460,Western Ave,1
2022-04-14 06:56:15,1013,1197,14.24,51.8,114.56,3,137475,Western Ave,1
2022-04-14 06:56:30,1011,1202,14.37,52.2,111.45,4,137490,Western Ave,1
2022-04-14 07:25:30,1010,1201,14.33,36.94,109.53,1,139230,Western Ave,1
2022-04-14 07:25:45,1012,1204,14.4,49.75,109.53,2,139245,Western Ave,1
2022-04-14 07:26:00,1012,1201,14.57,51.53,114.9,3,139260,Western Ave,1
2022-04-14 07:26:15,1011,1197,14.63,51.87,110.14,4,139275,Western Ave,1
2022-04-14 07:55:15,1008,1200,14.48,37.3,110.14,1,141015,Western Ave,1
2022-04-14 07:55:30,1003,1194,14.6,49.85,109.53,2,141030,Western Ave,1
2022-04-14 07:55:45,1009,1191,14.67,51.74,114.93,3,141045,Western Ave,1
2022-04-14 07:56:00,1006,1193,14.82,51.81,110.29,4,141060,Western Ave,1
2022-04-14 08:25:00,1009,1200,14.52,37.59,110.02,1,142800,Western Ave,1
2022-04-14 08:25:15,1010,1196,14.67,49.72,109.41,2,142815,Western Ave,1
2022-04-14 08:25:30,1003,1194,14.71,51.66,111.72,3,142830,Western Ave,1
2022-04-14 08:25:45,1001,1197,14.87,51.89,110.41,4,142845,Western Ave,1
2022-04-14 08:54:45,1007,1195,14.75,37.74,109.1,1,144585,Western Ave,1
2022-04-14 08:55:00,1002,1195,14.9,50.07,109.89,2,144600,Western Ave,1
2022-04-14 08:55:15,1006,1194,15.01,51.96,111.72,3,144615,Western Ave,1
2022-04-14 08:55:30,1005,1192,15.13,52.42,110.57,4,144630,Western Ave,1
2022-04-14 09:24:30,999,1188,15.08,38.0,108.83,1,146370,Western Ave,1
2022-04-14 09:24:45,999,1191,15.25,50.08,109.62,2,146385,Western Ave,1
2022-04-14 09:25:00,1002,1186,15.41,51.63,112.21,3,146400,Western Ave,1
2022-04-14 09:25:15,1000,1190,15.43,51.98,110.08,4,146415,Western Ave,1
2022-04-14 09:54:15,993,1182,15.59,38.21,108.58,1,148155,Western Ave,1
2022-04-14 09:54:30,992,1177,15.62,48.95,110.08,2,148170,Western Ave,1
2022-04-14 09:54:45,999,1183,15.87,50.78,112.37,3,148185,Western Ave,1
2022-04-14 09:55:00,994,1181,15.93,50.76,110.53,4,148200,Western Ave,1
2022-04-14 10:24:00,997,1178,15.72,38.21,108.8,1,149940,Western Ave,1
2022-04-14 10:24:15,990,1183,15.9,48.43,109.86,2,149955,Western Ave,1
2022-04-14 10:24:30,996,1176,15.98,50.1,111.39,3,149970,Western Ave,1
2022-04-14 10:24:45,990,1179,16.04,50.06,110.99,4,149985,Western Ave,1
2022-04-14 10:53:45,987,1172,15.97,38.16,108.49,1,151725,Western Ave,1
2022-04-14 10:54:00,990,1177,16.14,48.57,110.08,2,151740,Western Ave,1
2022-04-14 10:54:15,993,1179,16.21,49.77,111.3,3,151755,Western Ave,1
2022-04-14 10:54:30,992,1182,16.36,49.86,110.75,4,151770,Western Ave,1
2022-04-14 11:23:30,984,1175,16.14,38.21,108.28,1,153510,Western Ave,1
2022-04-14 11:23:45,989,1170,16.27,47.74,109.74,2,153525,Western Ave,1
2022-04-14 11:24:00,987,1171,16.42,49.38,111.54,3,153540,Western Ave,1
2022-04-14 11:24:15,987,1167,16.54,49.58,111.05,4,153555,Western Ave,1
2022-04-14 11:53:15,985,1169,16.38,38.14,108.49,1,155295,Western Ave,1
2022-04-14 11:53:30,991,1166,16.47,47.83,109.74,2,155310,Western Ave,1
2022-04-14 11:53:45,987,1168,16.61,48.95,111.76,3,155325,Western Ave,1
2022-04-14 11:54:00,985,1164,16.69,48.87,109.53,4,155340,Western Ave,1
2022-04-14 12:23:00,980,1164,16.82,38.07,108.18,1,157080,Western Ave,1
2022-04-14 12:23:15,984,1161,16.93,46.75,110.08,2,157095,Western Ave,1
2022-04-14 12:23:30,975,1167,16.99,47.8,111.85,3,157110,Western Ave,1
2022-04-14 12:23:45,980,1166,17.12,47.7,110.08,4,157125,Western Ave,1
2022-04-14 12:52:45,973,1155,17.26,37.98,108.12,1,158865,Western Ave,1
2022-04-14 12:53:00,978,1159,17.31,46.19,110.02,2,158880,Western Ave,1
2022-04-14 12:53:15,974,1151,17.43,46.79,114.75,3,158895,Western Ave,1
2022-04-14 12:53:30,971,1160,17.54,46.84,111.72,4,158910,Western Ave,1
2022-04-14 13:22:30,971,1152,17.56,37.85,108.12,1,160650,Western Ave,1
2022-04-14 13:22:45,973,1151,17.71,45.82,109.74,2,160665,Western Ave,1
2022-04-14 13:23:00,974,1151,17.77,46.66,114.9,3,160680,Western Ave,1
2022-04-14 13:23:15,970,1153,17.78,46.16,112.0,4,160695,Western Ave,1
2022-04-14 13:52:15,970,1153,17.85,37.63,108.12,1,162435,Western Ave,1
2022-04-14 13:52:30,968,1149,17.85,44.9,109.65,2,162450,Western Ave,1
2022-04-14 13:52:45,965,1147,18.12,45.46,112.37,3,162465,Western Ave,1
2022-04-14 13:53:00,966,1152,18.08,45.48,110.35,4,162480,Western Ave,1
2022-04-14 14:22:00,968,1146,17.91,37.43,107.57,1,164220,Western Ave,1
2022-04-14 14:22:15,966,1145,18.04,44.78,109.99,2,164235,Western Ave,1
2022-04-14 14:22:30,967,1146,18.18,45.25,112.3,3,164250,Western Ave,1
2022-04-14 14:22:45,966,1151,18.36,45.22,110.57,4,164265,Western Ave,1
2022-04-14 14:51:45,962,1150,18.12,37.37,107.88,1,166005,Western Ave,1
2022-04-14 14:52:00,966,1145,18.22,43.94,110.26,2,166020,Western Ave,1
2022-04-14 14:52:15,960,1145,18.29,44.35,112.37,3,166035,Western Ave,1
2022-04-14 14:52:30,965,1145,18.45,44.21,110.66,4,166050,Western Ave,1
2022-04-14 15:21:30,961,1143,18.09,37.08,108.12,1,167790,Western Ave,1
2022-04-14 15:21:45,963,1146,18.18,43.9,110.29,2,167805,Western Ave,1
2022-04-14 15:22:00,966,1148,18.28,44.73,112.18,3,167820,Western Ave,1
2022-04-14 15:22:15,959,1144,18.38,44.89,110.66,4,167835,Western Ave,1
2022-04-14 15:51:15,965,1142,17.91,37.01,107.67,1,169575,Western Ave,1
2022-04-14 15:51:30,965,1151,18.05,44.07,110.08,2,169590,Western Ave,1
2022-04-14 15:51:45,967,1143,18.18,44.71,111.39,3,169605,Western Ave,1
2022-04-14 15:52:00,962,1146,18.24,44.99,110.35,4,169620,Western Ave,1
2022-04-14 16:21:00,973,1152,17.5,36.98,107.88,1,171360,Western Ave,1
2022-04-14 16:21:15,969,1150,17.66,44.79,109.86,2,171375,Western Ave,1
2022-04-14 16:21:30,971,1151,17.73,45.7,111.76,3,171390,Western Ave,1
2022-04-14 16:21:45,973,1148,17.8,45.84,110.29,4,171405,Western Ave,1
2022-04-14 16:50:45,980,1166,16.92,37.06,108.12,1,173145,Western Ave,1
2022-04-14 16:51:00,983,1165,16.95,45.63,109.68,2,173160,Western Ave,1
2022-04-14 16:51:15,981,1163,17.05,46.63,111.76,3,173175,Western Ave,1
2022-04-14 16:51:30,980,1165,17.17,46.76,109.86,4,173190,Western Ave,1
2022-04-14 17:20:30,980,1169,16.18,37.21,109.34,1,174930,Western Ave,1
2022-04-14 17:20:45,990,1174,16.29,47.44,109.62,2,174945,Western Ave,1
2022-04-14 17:21:00,985,1176,16.35,48.97,111.51,3,174960,Western Ave,1
2022-04-14 17:21:15,984,1170,16.51,48.88,110.93,4,174975,Western Ave,1
2022-04-14 17:50:15,996,1186,15.57,37.55,108.7,1,176715,Western Ave,1
2022-04-14 17:50:30,994,1184,15.8,48.74,109.65,2,176730,Western Ave,1
2022-04-14 17:50:45,991,1182,15.92,50.55,111.39,3,176745,Western Ave,1
2022-04-14 17:51:00,990,1180,16.0,50.89,110.93,4,176760,Western Ave,1
2022-04-14 18:20:00,999,1183,15.36,37.86,108.7,1,178500,Western Ave,1
2022-04-14 18:20:15,1004,1186,15.47,48.91,109.53,2,178515,Western Ave,1
2022-04-14 18:20:30,1002,1185,15.49,50.56,112.37,3,178530,Western Ave,1
2022-04-14 18:20:45,1003,1187,15.7,50.62,110.32,4,178545,Western Ave,1
2022-04-14 18:49:45,1005,1200,14.84,38.48,108.49,1,180285,Western Ave,1
2022-04-14 18:50:00,1005,1196,14.85,49.82,109.68,2,180300,Western Ave,1
2022-04-14 18:50:15,1004,1201,14.98,51.79,112.21,3,180315,Western Ave,1
2022-04-14 18:50:30,1010,1191,15.09,52.47,111.05,4,180330,Western Ave,1
2022-04-14 19:19:30,1012,1201,14.17,38.61,108.89,1,182070,Western Ave,1
2022-04-14 19:19:45,1012,1205,14.27,51.83,109.53,2,182085,Western Ave,1
2022-04-14 19:20:00,1015,1200,14.45,53.45,112.21,3,182100,Western Ave,1
2022-04-14 19:20:15,1016,1200,14.5,53.48,110.14,4,182115,Western Ave,1
2022-04-14 19:49:15,1018,1210,13.93,39.14,109.22,1,183855,Western Ave,1
2022-04-14 19:49:30,1021,1212,13.98,52.12,109.74,2,183870,Western Ave,1
2022-04-14 19:49:45,1016,1210,14.19,54.31,114.75,3,183885,Western Ave,1
2022-04-14 19:50:00,1017,1205,14.27,54.85,110.84,4,183900,Western Ave,1
2022-04-14 20:19:00,1019,1209,13.76,39.61,109.31,1,185640,Western Ave,1
2022-04-14 20:19:15,1016,1211,13.89,53.89,109.77,2,185655,Western Ave,1
2022-04-14 20:19:30,1022,1215,14.02,56.73,110.99,3,185670,Western Ave,1
2022-04-14 20:19:45,1014,1212,14.02,57.14,110.32,4,185685,Western Ave,1
2022-04-14 20:48:45,1021,1217,13.37,40.41,109.1,1,187425,Western Ave,1
2022-04-14 20:49:00,1018,1213,13.61,60.64,109.41,2,187440,Western Ave,1
2022-04-14 20:49:15,1023,1212,13.7,65.5,112.0,3,187455,Western Ave,1
2022-04-14 20:49:30,1024,1216,13.85,66.64,110.84,4,187470,Western Ave,1
2022-04-14 21:18:30,1023,1222,13.08,42.55,109.53,1,189210,Western Ave,1
2022-04-14 21:18:45,1024,1224,13.35,60.47,109.34,2,189225,Western Ave,1
2022-04-14 21:19:00,1025,1226,13.45,64.86,112.09,3,189240,Western Ave,1
2022-04-14 21:19:15,1024,1216,13.57,66.36,110.63,4,189255,Western Ave,1
2022-04-14 21:48:15,1030,1224,13.03,43.8,109.62,1,190995,Western Ave,1
2022-04-14 21:48:30,1025,1224,13.14,59.05,109.34,2,191010,Western Ave,1
2022-04-14 21:48:45,1029,1224,13.18,62.79,112.0,3,191025,Western Ave,1
2022-04-14 21:49:00,1027,1222,13.27,64.84,110.63,4,191040,Western Ave,1
2022-04-14 22:18:00,1035,1227,12.73,44.48,108.95,1,192780,Western Ave,1
2022-04-14 22:18:15,1027,1225,12.9,61.35,109.53,2,192795,Western Ave,1
2022-04-14 22:18:30,1023,1229,12.91,66.11,112.18,3,192810,Western Ave,1
2022-04-14 22:18:45,1033,1224,13.04,66.89,110.14,4,192825,Western Ave,1
2022-04-14 22:47:45,1034,1236,12.55,45.52,109.04,1,194565,Western Ave,1
2022-04-14 22:48:00,1032,1232,12.66,60.3,109.53,2,194580,Western Ave,1
2022-04-14 22:48:15,1038,1230,12.76,64.48,110.99,3,194595,Western Ave,1
2022-04-14 22:48:30,1032,1230,12.87,65.59,110.41,4,194610,Western Ave,1
2022-04-14 23:17:30,1040,1231,12.28,46.09,109.19,1,196350,Western Ave,1
2022-04-14 23:17:45,1040,1237,12.35,62.06,109.53,2,196365,Western Ave,1
2022-04-14 23:18:00,1029,1238,12.47,66.52,112.52,3,196380,Western Ave,1
2022-04-14 23:18:15,1032,1235,12.66,67.79,110.32,4,196395,Western Ave,1
2022-04-14 23:47:15,1037,1240,12.19,47.05,109.04,1,198135,Western Ave,1
2022-04-14 23:47:30,1032,1239,12.26,61.31,109.74,2,198150,Western Ave,1
2022-04-14 23:47:45,1036,1235,12.36,65.93,111.24,3,198165,Western Ave,1
2022-04-14 23:48:00,1033,1235,12.49,67.41,110.53,4,198180,Western Ave,1
2022-04-15 00:17:00,1046,1238,12.02,47.68,109.04,1,199920,Western Ave,1
2022-04-15 00:17:15,1040,1239,12.05,62.31,109.65,2,199935,Western Ave,1
2022-04-15 00:17:30,1043,1237,12.24,66.57,111.3,3,199950,Western Ave,1
2022-04-15 00:17:45,1035,1242,12.35,68.11,110.41,4,199965,Western Ave,1
2022-04-15 00:46:45,1042,1242,11.73,48.48,109.04,1,201705,Western Ave,1
2022-04-15 00:47:00,1041,1243,11.82,61.64,110.02,2,201720,Western Ave,1
2022-04-15 00:47:15,1042,1239,12.02,65.98,111.39,3,201735,Western Ave,1
2022-04-15 00:47:30,1044,1239,12.14,66.72,110.57,4,201750,Western Ave,1
2022-04-15 01:16:30,1048,1242,11.61,48.73,108.83,1,203490,Western Ave,1
2022-04-15 01:16:45,1046,1242,11.8,62.62,109.68,2,203505,Western Ave,1
2022-04-15 01:17:00,1043,1243,11.94,66.57,111.08,3,203520,Western Ave,1
2022-04-15 01:17:15,1037,1248,11.98,67.67,110.2,4,203535,Western Ave,1
2022-04-15 01:46:15,1049,1251,11.54,49.37,109.04,1,205275,Western Ave,1
2022-04-15 01:46:30,1043,1244,11.67,62.8,109.41,2,205290,Western Ave,1
2022-04-15 01:46:45,1045,1244,11.82,67.21,112.55,3,205305,Western Ave,1
2022-04-15 01:47:00,1045,1247,11.82,68.45,110.35,4,205320,Western Ave,1
2022-04-15 02:16:00,1047,1250,11.44,49.95,108.55,1,207060,Western Ave,1
2022-04-15 02:16:15,1048,1250,11.58,62.96,109.53,2,207075,Western Ave,1
2022-04-15 02:16:30,1048,1248,11.71,67.56,112.37,3,207090,Western Ave,1
2022-04-15 02:16:45,1044,1251,11.75,68.79,110.41,4,207105,Western Ave,1
2022-04-15 02:45:45,1056,1248,11.38,50.56,109.34,1,208845,Western Ave,1
2022-04-15 02:46:00,1041,1253,11.45,63.25,109.53,2,208860,Western Ave,1
2022-04-15 02:46:15,1044,1250,11.64,67.55,112.49,3,208875,Western Ave,1
2022-04-15 02:46:30,1043,1248,11.68,68.49,110.53,4,208890,Western Ave,1
2022-04-15 03:15:30,1049,1252,11.45,50.9,109.34,1,210630,Western Ave,1
2022-04-15 03:15:45,1049,1247,11.44,63.67,109.34,2,210645,Western Ave,1
2022-04-15 03:16:00,1048,1247,11.7,68.02,112.55,3,210660,Western Ave,1
2022-04-15 03:16:15,1048,1249,11.71,69.21,110.53,4,210675,Western Ave,1
2022-04-15 03:45:15,1046,1247,11.41,51.42,108.4,1,212415,Western Ave,1
2022-04-15 03:45:30,1043,1250,11.45,64.19,109.62,2,212430,Western Ave,1
2022-04-15 03:45:45,1051,1248,11.61,68.26,111.39,3,212445,Western Ave,1
2022-04-15 03:46:00,1049,1250,11.73,69.26,110.75,4,212460,Western Ave,1
2022-04-15 04:15:00,1043,1254,11.37,51.8,108.55,1,214200,Western Ave,1
2022-04-15 04:15:15,1045,1252,11.47,64.18,109.62,2,214215,Western Ave,1
2022-04-15 04:15:30,1048,1244,11.63,68.41,112.64,3,214230,Western Ave,1
2022-04-15 04:15:45,1043,1249,11.68,69.46,110.81,4,214245,Western Ave,1
2022-04-15 04:44:45,1055,1254,11.33,52.19,108.67,1,215985,Western Ave,1
2022-04-15 04:45:00,1044,1251,11.43,64.22,109.53,2,216000,Western Ave,1
2022-04-15 04:45:15,1044,1248,11.63,68.26,111.39,3,216015,Western Ave,1
2022-04-15 04:45:30,1044,1248,11.75,69.47,110.66,4,216030,Western Ave,1
2022-04-15 05:14:30,1050,1253,11.29,52.42,108.55,1,217770,Western Ave,1
2022-04-15 05:14:45,1044,1248,11.38,63.97,109.77,2,217785,Western Ave,1
2022-04-15 05:15:00,1042,1250,11.55,68.09,111.76,3,217800,Western Ave,1
2022-04-15 05:15:15,1048,1249,11.54,69.28,110.99,4,217815,Western Ave,1
2022-04-15 05:44:15,1057,1248,11.22,52.63,109.1,1,219555,Western Ave,1
2022-04-15 05:44:30,1046,1251,11.26,64.36,109.77,2,219570,Western Ave,1
2022-04-15 05:44:45,1050,1252,11.36,68.51,111.66,3,219585,Western Ave,1
2022-04-15 05:45:00,1047,1253,11.53,69.68,110.99,4,219600,Western Ave,1
2022-04-15 06:14:00,1057,1260,11.19,52.87,109.19,1,221340,Western Ave,1
2022-04-15 06:14:15,1051,1259,11.26,64.32,109.77,2,221355,Western Ave,1
2022-04-15 06:14:30,1049,1251,11.41,68.26,111.76,3,221370,Western Ave,1
2022-04-15 06:14:45,1048,1252,11.48,69.33,109.53,4,221385,Western Ave,1
2022-04-15 06:43:45,1056,1250,11.27,52.99,109.34,1,223125,Western Ave,1
2022-04-15 06:44:00,1048,1258,11.41,63.53,109.53,2,223140,Western Ave,1
2022-04-15 06:44:15,1047,1254,11.45,66.89,114.44,3,223155,Western Ave,1
2022-04-15 06:44:30,1052,1250,11.58,67.76,111.18,4,223170,Western Ave,1
2022-04-15 07:13:30,1042,1252,11.51,52.87,109.04,1,224910,Western Ave,1
2022-04-15 07:13:45,1045,1249,11.57,61.79,109.62,2,224925,Western Ave,1
2022-04-15 07:14:00,1045,1248,11.71,64.58,114.9,3,224940,Western Ave,1
2022-04-15 07:14:15,1046,1251,11.78,64.9,111.51,4,224955,Western Ave,1
2022-04-15 07:43:15,1047,1243,11.77,52.21,109.1,1,226695,Western Ave,1
2022-04-15 07:43:30,1045,1249,11.85,60.11,109.77,2,226710,Western Ave,1
2022-04-15 07:43:45,1038,1248,11.92,62.09,111.24,3,226725,Western Ave,1
2022-04-15 07:44:00,1044,1248,12.06,62.61,110.23,4,226740,Western Ave,1
2022-04-15 08:13:00,1034,1241,12.39,51.69,108.12,1,228480,Western Ave,1
2022-04-15 08:13:15,1036,1242,12.5,56.47,109.19,2,228495,Western Ave,1
2022-04-15 08:13:30,1036,1236,12.66,56.51,112.0,3,228510,Western Ave,1
2022-04-15 08:13:45,1030,1237,12.75,57.71,110.57,4,228525,Western Ave,1
2022-04-15 08:42:45,1026,1221,13.39,50.64,107.54,1,230265,Western Ave,1
2022-04-15 08:43:00,1021,1221,13.49,50.97,109.77,2,230280,Western Ave,1
2022-04-15 08:43:15,1024,1220,13.57,50.28,112.03,3,230295,Western Ave,1
2022-04-15 08:43:30,1024,1220,13.82,50.35,110.99,4,230310,Western Ave,1
2022-04-15 09:12:30,973,1156,17.68,48.34,106.38,1,232050,Western Ave,1
2022-04-15 09:12:45,973,1159,17.81,35.78,110.66,2,232065,Western Ave,1
2022-04-15 09:13:00,974,1162,17.95,33.98,114.9,3,232080,Western Ave,1
2022-04-15 09:13:15,976,1156,18.12,33.44,110.99,4,232095,Western Ave,1
2022-04-15 09:42:15,912,1095,22.41,45.46,105.93,1,233835,Western Ave,1
2022-04-15 09:42:30,918,1089,22.54,25.38,110.99,2,233850,Western Ave,1
2022-04-15 09:42:45,920,1095,22.71,23.98,112.52,3,233865,Western Ave,1
2022-04-15 09:43:00,915,1094,22.88,25.19,111.54,4,233880,Western Ave,1
2022-04-15 10:12:00,881,1047,25.58,42.37,105.29,1,235620,Western Ave,1
2022-04-15 10:12:15,883,1050,25.67,19.37,110.75,2,235635,Western Ave,1
2022-04-15 10:12:30,884,1053,25.72,18.2,112.76,3,235650,Western Ave,1
2022-04-15 10:12:45,879,1046,25.88,18.34,111.11,4,235665,Western Ave,1
2022-04-15 18:29:00,817,982,31.67,8.83,114.35,1,0,Western Ave,2
2022-04-15 18:29:15,815,976,31.76,8.1,108.12,2,15,Western Ave,2
2022-04-15 18:29:30,813,973,31.73,7.73,109.1,3,30,Western Ave,2
2022-04-15 18:29:45,808,969,31.79,7.86,109.31,4,45,Western Ave,2
2022-04-15 18:58:45,865,1036,26.4,11.66,110.08,1,1785,Western Ave,2
2022-04-15 18:59:00,861,1035,26.39,10.65,112.06,2,1800,Western Ave,2
2022-04-15 18:59:15,871,1034,26.56,9.73,114.35,3,1815,Western Ave,2
2022-04-15 18:59:30,863,1038,26.67,9.91,110.81,4,1830,Western Ave,2
2022-04-15 19:28:30,898,1077,23.36,11.46,110.99,1,3570,Western Ave,2
2022-04-15 19:28:45,898,1075,23.46,12.35,111.45,2,3585,Western Ave,2
2022-04-15 19:29:00,901,1079,23.56,12.39,114.11,3,3600,Western Ave,2
2022-04-15 19:29:15,898,1072,23.6,12.54,114.11,4,3615,Western Ave,2
2022-04-15 19:58:15,917,1102,21.38,11.65,112.52,1,5355,Western Ave,2
2022-04-15 19:58:30,921,1105,21.48,15.41,110.81,2,5370,Western Ave,2
2022-04-15 19:58:45,919,1103,21.46,15.48,112.52,3,5385,Western Ave,2
2022-04-15 19:59:00,930,1103,21.55,15.66,112.52,4,5400,Western Ave,2
2022-04-15 20:28:00,938,1122,19.92,12.09,114.2,1,7140,Western Ave,2
2022-04-15 20:28:15,939,1119,19.95,16.73,110.2,2,7155,Western Ave,2
2022-04-15 20:28:30,935,1121,20.13,16.46,111.88,3,7170,Western Ave,2
2022-04-15 20:28:45,939,1124,20.27,16.35,111.54,4,7185,Western Ave,2
2022-04-15 20:57:45,948,1132,19.06,12.54,114.62,1,8925,Western Ave,2
2022-04-15 20:58:00,948,1138,19.17,16.81,109.89,2,8940,Western Ave,2
2022-04-15 20:58:15,946,1139,19.24,16.88,111.24,3,8955,Western Ave,2
2022-04-15 20:58:30,947,1137,19.37,16.64,110.84,4,8970,Western Ave,2
2022-04-15 21:27:30,964,1147,18.36,12.92,112.67,1,10710,Western Ave,2
2022-04-15 21:27:45,955,1148,18.38,17.05,110.08,2,10725,Western Ave,2
2022-04-15 21:28:00,962,1149,18.52,18.08,111.39,3,10740,Western Ave,2
2022-04-15 21:28:15,961,1153,18.62,18.09,110.53,4,10755,Western Ave,2
2022-04-15 21:57:15,967,1159,17.76,13.21,113.71,1,12495,Western Ave,2
2022-04-15 21:57:30,960,1158,17.82,19.09,114.75,2,12510,Western Ave,2
2022-04-15 21:57:45,964,1157,17.85,18.79,111.08,3,12525,Western Ave,2
2022-04-15 21:58:00,969,1156,18.05,18.44,109.65,4,12540,Western Ave,2
2022-04-15 22:27:00,967,1166,17.31,13.69,114.9,1,14280,Western Ave,2
2022-04-15 22:27:15,970,1162,17.27,18.62,110.35,2,14295,Western Ave,2
2022-04-15 22:27:30,969,1167,17.48,19.17,112.03,3,14310,Western Ave,2
2022-04-15 22:27:45,971,1166,17.5,19.11,110.75,4,14325,Western Ave,2
2022-04-15 22:56:45,982,1174,16.79,13.95,114.75,1,16065,Western Ave,2
2022-04-15 22:57:00,978,1166,16.93,20.23,114.56,2,16080,Western Ave,2
2022-04-15 22:57:15,979,1172,17.02,20.75,112.03,3,16095,Western Ave,2
2022-04-15 22:57:30,977,1165,17.13,21.32,110.57,4,16110,Western Ave,2
2022-04-15 23:26:30,989,1176,16.41,14.51,114.53,1,17850,Western Ave,2
2022-04-15 23:26:45,984,1180,16.47,22.08,114.44,2,17865,Western Ave,2
2022-04-15 23:27:00,981,1173,16.61,22.97,110.57,3,17880,Western Ave,2
2022-04-15 23:27:15,984,1173,16.66,22.57,110.66,4,17895,Western Ave,2
2022-04-15 23:56:15,987,1179,16.0,14.99,114.38,1,19635,Western Ave,2
2022-04-15 23:56:30,987,1180,16.15,22.76,114.53,2,19650,Western Ave,2
2022-04-15 23:56:45,984,1179,16.25,23.78,112.0,3,19665,Western Ave,2
2022-04-15 23:57:00,985,1183,16.32,23.97,110.57,4,19680,Western Ave,2
2022-04-16 00:26:00,988,1190,15.82,15.41,114.2,1,21420,Western Ave,2
2022-04-16 00:26:15,989,1186,15.9,23.47,114.2,2,21435,Western Ave,2
2022-04-16 00:26:30,993,1180,16.0,24.92,112.0,3,21450,Western Ave,2
2022-04-16 00:26:45,988,1186,16.11,24.5,110.57,4,21465,Western Ave,2
2022-04-16 00:55:45,999,1188,15.47,15.84,114.2,1,23205,Western Ave,2
2022-04-16 00:56:00,996,1191,15.66,24.32,108.83,2,23220,Western Ave,2
2022-04-16 00:56:15,996,1190,15.77,24.8,111.76,3,23235,Western Ave,2
2022-04-16 00:56:30,994,1190,15.94,25.09,110.53,4,23250,Western Ave,2
2022-04-16 01:25:30,998,1195,15.43,16.35,114.93,1,24990,Western Ave,2
2022-04-16 01:25:45,998,1190,15.52,25.32,114.65,2,25005,Western Ave,2
2022-04-16 01:26:00,993,1192,15.64,25.99,111.66,3,25020,Western Ave,2
2022-04-16 01:26:15,997,1193,15.67,26.15,110.35,4,25035,Western Ave,2
2022-04-16 01:55:15,993,1186,15.42,16.74,114.93,1,26775,Western Ave,2
2022-04-16 01:55:30,998,1193,15.47,26.01,114.65,2,26790,Western Ave,2
2022-04-16 01:55:45,997,1194,15.54,26.46,112.0,3,26805,Western Ave,2
2022-04-16 01:56:00,994,1191,15.67,26.68,110.35,4,26820,Western Ave,2
2022-04-16 02:25:00,998,1194,15.42,17.24,114.38,1,28560,Western Ave,2
2022-04-16 02:25:15,997,1193,15.46,26.42,114.62,2,28575,Western Ave,2
2022-04-16 02:25:30,997,1191,15.62,27.09,112.0,3,28590,Western Ave,2
2022-04-16 02:25:45,999,1193,15.76,27.15,110.35,4,28605,Western Ave,2
2022-04-16 02:54:45,996,1198,15.43,17.59,114.65,1,30345,Western Ave,2
2022-04-16 02:55:00,993,1197,15.49,26.51,109.19,2,30360,Western Ave,2
2022-04-16 02:55:15,992,1195,15.54,27.11,111.76,3,30375,Western Ave,2
2022-04-16 02:55:30,997,1190,15.73,27.16,110.57,4,30390,Western Ave,2
2022-04-16 03:24:30,995,1201,15.39,17.89,114.53,1,32130,Western Ave,2
2022-04-16 03:24:45,996,1197,15.43,26.27,108.89,2,32145,Western Ave,2
2022-04-16 03:25:00,990,1193,15.6,27.05,112.06,3,32160,Western Ave,2
2022-04-16 03:25:15,996,1192,15.76,26.93,110.57,4,32175,Western Ave,2
2022-04-16 03:54:15,991,1191,15.53,18.04,114.2,1,33915,Western Ave,2
2022-04-16 03:54:30,997,1188,15.6,25.2,109.04,2,33930,Western Ave,2
2022-04-16 03:54:45,994,1194,15.79,25.9,112.18,3,33945,Western Ave,2
2022-04-16 03:55:00,995,1193,15.79,26.24,110.75,4,33960,Western Ave,2
2022-04-16 04:24:00,992,1192,15.53,18.37,114.2,1,35700,Western Ave,2
2022-04-16 04:24:15,994,1195,15.63,25.34,109.04,2,35715,Western Ave,2
2022-04-16 04:24:30,996,1192,15.69,26.29,112.37,3,35730,Western Ave,2
2022-04-16 04:24:45,994,1189,15.79,26.38,110.75,4,35745,Western Ave,2
2022-04-16 04:53:45,1003,1189,15.49,18.27,114.44,1,37485,Western Ave,2
2022-04-16 04:54:00,998,1190,15.5,25.68,109.04,2,37500,Western Ave,2
2022-04-16 04:54:15,1000,1187,15.63,25.88,112.3,3,37515,Western Ave,2
2022-04-16 04:54:30,992,1192,15.84,26.28,110.66,4,37530,Western Ave,2
2022-04-16 05:23:30,990,1194,15.45,18.51,114.44,1,39270,Western Ave,2
2022-04-16 05:23:45,997,1194,15.56,25.96,109.04,2,39285,Western Ave,2
2022-04-16 05:24:00,997,1191,15.73,26.25,112.3,3,39300,Western Ave,2
2022-04-16 05:24:15,993,1193,15.77,26.65,110.66,4,39315,Western Ave,2
2022-04-16 05:53:15,1000,1192,15.6,18.75,114.07,1,41055,Western Ave,2
2022-04-16 05:53:30,998,1190,15.59,25.88,109.04,2,41070,Western Ave,2
2022-04-16 05:53:45,994,1190,15.79,27.33,112.52,3,41085,Western Ave,2
2022-04-16 05:54:00,997,1189,15.76,26.66,110.84,4,41100,Western Ave,2
2022-04-16 06:23:00,996,1188,15.63,18.72,114.2,1,42840,Western Ave,2
2022-04-16 06:23:15,993,1192,15.8,25.57,109.19,2,42855,Western Ave,2
2022-04-16 06:23:30,994,1189,15.79,26.14,112.76,3,42870,Western Ave,2
2022-04-16 06:23:45,995,1183,15.92,26.82,109.86,4,42885,Western Ave,2
2022-04-16 06:52:45,990,1193,15.77,18.88,113.95,1,44625,Western Ave,2
2022-04-16 06:53:00,991,1192,15.77,25.49,109.04,2,44640,Western Ave,2
2022-04-16 06:53:15,989,1191,15.96,26.18,112.67,3,44655,Western Ave,2
2022-04-16 06:53:30,993,1188,16.03,26.25,110.99,4,44670,Western Ave,2
2022-04-16 07:22:30,977,1181,16.35,19.06,113.43,1,46410,Western Ave,2
2022-04-16 07:22:45,984,1181,16.42,25.69,109.1,2,46425,Western Ave,2
2022-04-16 07:23:00,986,1181,16.66,25.25,112.98,3,46440,Western Ave,2
2022-04-16 07:23:15,987,1175,16.71,25.41,110.08,4,46455,Western Ave,2
2022-04-16 07:52:15,977,1168,17.01,19.11,112.98,1,48195,Western Ave,2
2022-04-16 07:52:30,974,1173,17.13,24.41,109.34,2,48210,Western Ave,2
2022-04-16 07:52:45,972,1174,17.23,24.8,113.28,3,48225,Western Ave,2
2022-04-16 07:53:00,979,1171,17.36,25.05,110.57,4,48240,Western Ave,2
2022-04-16 08:22:00,964,1154,18.19,19.04,112.67,1,49980,Western Ave,2
2022-04-16 08:22:15,958,1153,18.19,23.41,109.1,2,49995,Western Ave,2
2022-04-16 08:22:30,962,1153,18.48,23.73,112.67,3,50010,Western Ave,2
2022-04-16 08:22:45,969,1153,18.5,23.88,110.99,4,50025,Western Ave,2
2022-04-16 08:51:45,953,1142,19.08,19.16,111.76,1,51765,Western Ave,2
2022-04-16 08:52:00,953,1143,19.1,23.01,109.53,2,51780,Western Ave,2
2022-04-16 08:52:15,950,1146,19.2,22.94,114.2,3,51795,Western Ave,2
2022-04-16 08:52:30,950,1135,19.32,22.41,110.57,4,51810,Western Ave,2
2022-04-16 09:21:30,944,1129,19.64,18.91,111.24,1,53550,Western Ave,2
2022-04-16 09:21:45,943,1133,19.72,22.22,109.31,2,53565,Western Ave,2
2022-04-16 09:22:00,944,1127,19.83,22.34,114.11,3,53580,Western Ave,2
2022-04-16 09:22:15,942,1130,20.05,22.28,110.35,4,53595,Western Ave,2
2022-04-16 09:51:15,945,1127,19.76,18.76,111.45,1,55335,Western Ave,2
2022-04-16 09:51:30,946,1128,19.96,21.57,109.53,2,55350,Western Ave,2
2022-04-16 09:51:45,943,1127,20.02,22.07,114.2,3,55365,Western Ave,2
2022-04-16 09:52:00,942,1127,20.23,22.28,110.81,4,55380,Western Ave,2
2022-04-16 10:21:00,936,1123,20.37,18.58,111.54,1,57120,Western Ave,2
2022-04-16 10:21:15,938,1124,20.48,21.36,109.53,2,57135,Western Ave,2
2022-04-16 10:21:30,935,1123,20.57,22.07,113.19,3,57150,Western Ave,2
2022-04-16 10:21:45,937,1124,20.84,21.94,110.99,4,57165,Western Ave,2
2022-04-16 10:50:45,933,1114,20.5,18.52,111.45,1,58905,Western Ave,2
2022-04-16 10:51:00,938,1116,20.53,22.83,109.53,2,58920,Western Ave,2
2022-04-16 10:51:15,936,1123,20.67,22.8,114.23,3,58935,Western Ave,2
2022-04-16 10:51:30,934,1123,20.71,23.23,110.81,4,58950,Western Ave,2
2022-04-16 11:20:30,923,1108,21.79,18.5,110.99,1,60690,Western Ave,2
2022-04-16 11:20:45,920,1107,21.79,22.76,109.53,2,60705,Western Ave,2
2022-04-16 11:21:00,920,1108,22.01,23.19,113.74,3,60720,Western Ave,2
2022-04-16 11:21:15,921,1108,22.11,22.87,110.53,4,60735,Western Ave,2
2022-04-16 11:50:15,909,1084,22.95,18.92,110.57,1,62475,Western Ave,2
2022-04-16 11:50:30,904,1085,23.13,21.97,109.74,2,62490,Western Ave,2
2022-04-16 11:50:45,905,1090,23.26,21.96,114.35,3,62505,Western Ave,2
2022-04-16 11:51:00,904,1088,23.39,21.99,110.66,4,62520,Western Ave,2
2022-04-16 12:20:00,910,1085,23.05,18.79,110.14,1,64260,Western Ave,2
2022-04-16 12:20:15,911,1083,23.17,23.59,109.53,2,64275,Western Ave,2
2022-04-16 12:20:30,906,1088,23.22,23.52,114.35,3,64290,Western Ave,2
2022-04-16 12:20:45,907,1088,23.29,23.38,110.96,4,64305,Western Ave,2
2022-04-16 12:49:45,894,1070,24.21,19.04,109.53,1,66045,Western Ave,2
2022-04-16 12:50:00,892,1077,24.34,22.97,109.68,2,66060,Western Ave,2
2022-04-16 12:50:15,892,1068,24.52,23.0,114.62,3,66075,Western Ave,2
2022-04-16 12:50:30,891,1070,24.47,22.8,111.39,4,66090,Western Ave,2
2022-04-16 13:19:30,879,1053,25.36,18.96,109.1,1,67830,Western Ave,2
2022-04-16 13:19:45,879,1050,25.54,21.65,109.31,2,67845,Western Ave,2
2022-04-16 13:20:00,880,1053,25.74,22.31,113.65,3,67860,Western Ave,2
2022-04-16 13:20:15,879,1055,25.78,21.9,111.3,4,67875,Western Ave,2
2022-04-16 13:49:15,855,1026,27.78,19.09,109.19,1,69615,Western Ave,2
2022-04-16 13:49:30,853,1030,27.91,20.37,110.23,2,69630,Western Ave,2
2022-04-16 13:49:45,857,1022,28.02,19.77,114.56,3,69645,Western Ave,2
2022-04-16 13:50:00,852,1025,28.2,19.61,110.63,4,69660,Western Ave,2
2022-04-16 14:19:00,848,1007,28.87,18.79,109.04,1,71400,Western Ave,2
2022-04-16 14:19:15,842,1005,28.99,18.56,110.23,2,71415,Western Ave,2
2022-04-16 14:19:30,840,1012,29.09,18.8,113.95,3,71430,Western Ave,2
2022-04-16 14:19:45,846,1004,29.22,18.88,110.99,4,71445,Western Ave,2
2022-04-16 14:48:45,832,997,30.14,18.29,108.89,1,73185,Western Ave,2
2022-04-16 14:49:00,833,991,30.2,18.16,110.26,2,73200,Western Ave,2
2022-04-16 14:49:15,834,998,30.26,17.27,113.53,3,73215,Western Ave,2
2022-04-16 14:49:30,826,995,30.45,17.3,110.32,4,73230,Western Ave,2
2022-04-16 15:18:30,825,990,30.31,18.18,108.31,1,74970,Western Ave,2
2022-04-16 15:18:45,825,994,30.41,20.22,110.2,2,74985,Western Ave,2
2022-04-16 15:19:00,828,993,30.58,20.73,114.75,3,75000,Western Ave,2
2022-04-16 15:19:15,831,991,30.61,20.75,112.37,4,75015,Western Ave,2
2022-04-16 15:48:15,841,1013,28.28,18.17,107.76,1,76755,Western Ave,2
2022-04-16 15:48:30,848,1011,28.37,23.36,109.53,2,76770,Western Ave,2
2022-04-16 15:48:45,846,1010,28.5,23.29,114.23,3,76785,Western Ave,2
2022-04-16 15:49:00,845,1016,28.64,23.37,111.6,4,76800,Western Ave,2
2022-04-16 16:18:00,869,1042,25.85,18.49,108.95,1,78540,Western Ave,2
2022-04-16 16:18:15,873,1044,25.99,25.22,109.53,2,78555,Western Ave,2
2022-04-16 16:18:30,868,1046,25.99,25.75,114.38,3,78570,Western Ave,2
2022-04-16 16:18:45,875,1048,26.22,25.25,110.75,4,78585,Western Ave,2
2022-04-16 16:47:45,892,1063,24.39,18.84,109.99,1,80325,Western Ave,2
2022-04-16 16:48:00,892,1064,24.49,27.66,109.41,2,80340,Western Ave,2
2022-04-16 16:48:15,892,1065,24.59,27.7,113.74,3,80355,Western Ave,2
2022-04-16 16:48:30,891,1066,24.73,27.63,111.85,4,80370,Western Ave,2
2022-04-16 17:17:30,900,1078,23.19,19.39,110.08,1,82110,Western Ave,2
2022-04-16 17:17:45,900,1082,23.33,29.66,109.34,2,82125,Western Ave,2
2022-04-16 17:18:00,903,1083,23.45,29.56,113.95,3,82140,Western Ave,2
2022-04-16 17:18:15,903,1081,23.53,29.2,110.14,4,82155,Western Ave,2
2022-04-16 17:47:15,914,1103,22.28,20.0,109.89,1,83895,Western Ave,2
2022-04-16 17:47:30,914,1092,22.31,31.26,109.62,2,83910,Western Ave,2
2022-04-16 17:47:45,914,1095,22.54,31.16,114.62,3,83925,Western Ave,2
2022-04-16 17:48:00,911,1097,22.59,31.61,111.3,4,83940,Western Ave,2
2022-04-16 18:17:00,921,1110,21.72,20.63,110.53,1,85680,Western Ave,2
2022-04-16 18:17:15,918,1102,21.77,35.35,109.53,2,85695,Western Ave,2
2022-04-16 18:17:30,920,1105,21.99,35.94,114.9,3,85710,Western Ave,2
2022-04-16 18:17:45,919,1105,21.96,35.93,110.93,4,85725,Western Ave,2
2022-04-16 18:46:45,931,1110,21.16,21.56,110.32,1,87465,Western Ave,2
2022-04-16 18:47:00,927,1110,21.25,37.76,110.08,2,87480,Western Ave,2
2022-04-16 18:47:15,927,1116,21.32,38.04,114.65,3,87495,Western Ave,2
2022-04-16 18:47:30,928,1112,21.48,38.3,110.99,4,87510,Western Ave,2
2022-04-16 19:16:30,933,1118,20.8,22.49,110.26,1,89250,Western Ave,2
2022-04-16 19:16:45,933,1117,20.81,38.77,110.14,2,89265,Western Ave,2
2022-04-16 19:17:00,934,1119,20.9,39.85,113.19,3,89280,Western Ave,2
2022-04-16 19:17:15,933,1122,20.95,40.42,110.99,4,89295,Western Ave,2
2022-04-16 19:46:15,940,1133,19.64,23.48,110.63,1,91035,Western Ave,2
2022-04-16 19:46:30,939,1131,19.83,39.57,109.1,2,91050,Western Ave,2
2022-04-16 19:46:45,942,1133,19.83,42.4,114.65,3,91065,Western Ave,2
2022-04-16 19:47:00,938,1132,20.05,42.53,110.81,4,91080,Western Ave,2
2022-04-16 20:16:00,976,1162,17.19,24.38,111.54,1,92820,Western Ave,2
2022-04-16 20:16:15,975,1169,17.22,49.41,109.34,2,92835,Western Ave,2
2022-04-16 20:16:30,971,1163,17.33,51.62,113.98,3,92850,Western Ave,2
2022-04-16 20:16:45,973,1164,17.44,51.58,110.35,4,92865,Western Ave,2
2022-04-16 20:45:45,1002,1194,15.22,25.99,111.76,1,94605,Western Ave,2
2022-04-16 20:46:00,996,1198,15.31,53.25,109.31,2,94620,Western Ave,2
2022-04-16 20:46:15,1000,1198,15.45,56.99,113.19,3,94635,Western Ave,2
2022-04-16 20:46:30,995,1198,15.47,58.42,110.66,4,94650,Western Ave,2
2022-04-16 21:15:30,1016,1217,14.13,28.0,112.3,1,96390,Western Ave,2
2022-04-16 21:15:45,1008,1215,14.29,51.15,108.95,2,96405,Western Ave,2
2022-04-16 21:16:00,1010,1213,14.41,55.47,113.1,3,96420,Western Ave,2
2022-04-16 21:16:15,1009,1215,14.39,56.3,110.14,4,96435,Western Ave,2
2022-04-16 21:45:15,1026,1228,13.47,29.2,112.3,1,98175,Western Ave,2
2022-04-16 21:45:30,1020,1232,13.47,55.93,108.8,2,98190,Western Ave,2
2022-04-16 21:45:45,1018,1227,13.65,61.36,112.79,3,98205,Western Ave,2
2022-04-16 21:46:00,1019,1224,13.69,62.99,110.14,4,98220,Western Ave,2
2022-04-16 22:15:00,1027,1233,12.94,31.16,112.3,1,99960,Western Ave,2
2022-04-16 22:15:15,1027,1235,13.08,54.96,108.8,2,99975,Western Ave,2
2022-04-16 22:15:30,1026,1235,13.03,61.52,112.88,3,99990,Western Ave,2
2022-04-16 22:15:45,1024,1239,13.18,63.41,110.02,4,100005,Western Ave,2
2022-04-16 22:44:45,1038,1245,12.35,32.87,113.28,1,101745,Western Ave,2
2022-04-16 22:45:00,1033,1245,12.55,56.93,109.04,2,101760,Western Ave,2
2022-04-16 22:45:15,1030,1238,12.62,62.82,113.1,3,101775,Western Ave,2
2022-04-16 22:45:30,1034,1238,12.64,64.55,110.26,4,101790,Western Ave,2
2022-04-16 23:14:30,1038,1244,11.95,34.06,113.19,1,103530,Western Ave,2
2022-04-16 23:14:45,1040,1248,12.01,54.9,109.04,2,103545,Western Ave,2
2022-04-16 23:15:00,1036,1252,12.15,60.64,113.19,3,103560,Western Ave,2
2022-04-16 23:15:15,1042,1250,12.33,62.67,110.26,4,103575,Western Ave,2
2022-04-16 23:44:15,1053,1255,11.41,35.13,113.16,1,105315,Western Ave,2
2022-04-16 23:44:30,1049,1265,11.61,55.5,109.53,2,105330,Western Ave,2
2022-04-16 23:44:45,1046,1254,11.61,60.88,113.16,3,105345,Western Ave,2
2022-04-16 23:45:00,1045,1257,11.7,62.62,110.2,4,105360,Western Ave,2
2022-04-17 00:14:00,1054,1264,11.13,35.79,112.0,1,107100,Western Ave,2
2022-04-17 00:14:15,1030,1266,11.23,65.0,109.41,2,107115,Western Ave,2
2022-04-17 00:14:30,1026,1264,11.33,75.46,113.62,3,107130,Western Ave,2
2022-04-17 00:14:45,1023,1259,11.41,79.42,109.99,4,107145,Western Ave,2
2022-04-17 00:43:45,1052,1266,10.79,42.97,112.67,1,108885,Western Ave,2
2022-04-17 00:44:00,1031,1270,11.0,67.52,109.62,2,108900,Western Ave,2
2022-04-17 00:44:15,1022,1268,11.06,77.47,113.31,3,108915,Western Ave,2
2022-04-17 00:44:30,1021,1262,11.14,81.1,110.2,4,108930,Western Ave,2
2022-04-17 01:13:30,1050,1266,10.73,47.99,112.37,1,110670,Western Ave,2
2022-04-17 01:13:45,1028,1268,10.65,69.09,109.34,2,110685,Western Ave,2
2022-04-17 01:14:00,1023,1269,10.93,78.42,113.19,3,110700,Western Ave,2
2022-04-17 01:14:15,1022,1273,11.04,81.81,110.29,4,110715,Western Ave,2
2022-04-17 01:43:15,1055,1274,10.61,51.7,112.18,1,112455,Western Ave,2
2022-04-17 01:43:30,1032,1267,10.62,70.68,109.1,2,112470,Western Ave,2
2022-04-17 01:43:45,1021,1271,10.85,79.31,113.43,3,112485,Western Ave,2
2022-04-17 01:44:00,1029,1268,10.92,82.4,110.53,4,112500,Western Ave,2
2022-04-17 02:13:00,1063,1279,10.27,54.77,111.76,1,114240,Western Ave,2
2022-04-17 02:13:15,1034,1273,10.41,71.85,109.1,2,114255,Western Ave,2
2022-04-17 02:13:30,1034,1272,10.55,79.92,113.92,3,114270,Western Ave,2
2022-04-17 02:13:45,1028,1270,10.59,82.83,110.29,4,114285,Western Ave,2
2022-04-17 02:42:45,1064,1284,10.03,57.24,111.6,1,116025,Western Ave,2
2022-04-17 02:43:00,1038,1277,10.08,72.81,109.04,2,116040,Western Ave,2
2022-04-17 02:43:15,1033,1278,10.22,80.44,114.07,3,116055,Western Ave,2
2022-04-17 02:43:30,1036,1279,10.34,83.32,110.32,4,116070,Western Ave,2
2022-04-17 03:12:30,1073,1292,9.76,59.31,112.49,1,117810,Western Ave,2
2022-04-17 03:12:45,1039,1285,9.8,73.58,109.1,2,117825,Western Ave,2
2022-04-17 03:13:00,1041,1276,9.98,80.83,114.38,3,117840,Western Ave,2
2022-04-17 03:13:15,1031,1284,10.12,83.61,110.41,4,117855,Western Ave,2
2022-04-17 03:42:15,1073,1290,9.36,60.98,112.0,1,119595,Western Ave,2
2022-04-17 03:42:30,1047,1295,9.36,74.01,109.19,2,119610,Western Ave,2
2022-04-17 03:42:45,1043,1292,9.47,81.06,113.68,3,119625,Western Ave,2
2022-04-17 03:43:00,1042,1291,9.63,83.73,110.57,4,119640,Western Ave,2
2022-04-17 04:12:00,1080,1293,8.89,62.52,112.3,1,121380,Western Ave,2
2022-04-17 04:12:15,1052,1297,9.04,74.5,109.53,2,121395,Western Ave,2
2022-04-17 04:12:30,1046,1299,9.05,81.25,113.71,3,121410,Western Ave,2
2022-04-17 04:12:45,1048,1298,9.26,83.86,110.75,4,121425,Western Ave,2
2022-04-17 04:41:45,1084,1301,8.53,63.76,112.67,1,123165,Western Ave,2
2022-04-17 04:42:00,1063,1300,8.65,74.94,109.19,2,123180,Western Ave,2
2022-04-17 04:42:15,1061,1301,8.77,81.46,114.11,3,123195,Western Ave,2
2022-04-17 04:42:30,1049,1300,8.78,83.95,110.63,4,123210,Western Ave,2
2022-04-17 05:11:30,1095,1315,8.09,64.92,111.88,1,124950,Western Ave,2
2022-04-17 05:11:45,1066,1307,8.19,75.27,109.1,2,124965,Western Ave,2
2022-04-17 05:12:00,1063,1312,8.35,81.63,114.11,3,124980,Western Ave,2
2022-04-17 05:12:15,1061,1306,8.57,84.15,110.53,4,124995,Western Ave,2
2022-04-17 05:41:15,1100,1318,7.88,65.73,111.88,1,126735,Western Ave,2
2022-04-17 05:41:30,1073,1319,7.9,75.67,108.89,2,126750,Western Ave,2
2022-04-17 05:41:45,1065,1311,8.13,81.71,113.68,3,126765,Western Ave,2
2022-04-17 05:42:00,1066,1312,8.25,84.3,110.57,4,126780,Western Ave,2
2022-04-17 06:11:00,1101,1324,7.72,66.55,112.67,1,128520,Western Ave,2
2022-04-17 06:11:15,1075,1319,7.84,76.01,109.1,2,128535,Western Ave,2
2022-04-17 06:11:30,1066,1323,7.9,81.93,113.65,3,128550,Western Ave,2
2022-04-17 06:11:45,1065,1311,7.9,84.33,110.81,4,128565,Western Ave,2
2022-04-17 06:40:45,1102,1324,7.75,67.18,112.61,1,130305,Western Ave,2
2022-04-17 06:41:00,1076,1317,7.78,76.4,109.1,2,130320,Western Ave,2
2022-04-17 06:41:15,1067,1319,7.92,82.06,114.01,3,130335,Western Ave,2
2022-04-17 06:41:30,1066,1317,8.0,84.45,110.57,4,130350,Western Ave,2
2022-04-17 07:10:30,1094,1308,7.99,67.67,112.03,1,132090,Western Ave,2
2022-04-17 07:10:45,1071,1311,8.27,76.9,108.8,2,132105,Western Ave,2
2022-04-17 07:11:00,1068,1314,8.35,82.47,114.2,3,132120,Western Ave,2
2022-04-17 07:11:15,1062,1313,8.36,84.67,110.99,4,132135,Western Ave,2
2022-04-17 07:40:15,1087,1304,8.57,68.16,111.11,1,133875,Western Ave,2
2022-04-17 07:40:30,1062,1301,8.63,77.43,109.1,2,133890,Western Ave,2
2022-04-17 07:40:45,1053,1302,8.79,82.79,114.75,3,133905,Western Ave,2
2022-04-17 07:41:00,1059,1296,8.98,84.96,110.84,4,133920,Western Ave,2
2022-04-17 08:10:00,1075,1292,9.26,68.45,110.32,1,135660,Western Ave,2
2022-04-17 08:10:15,1055,1290,9.3,78.02,109.41,2,135675,Western Ave,2
2022-04-17 08:10:30,1051,1293,9.5,83.32,111.3,3,135690,Western Ave,2
2022-04-17 08:10:45,1046,1291,9.59,85.3,109.89,4,135705,Western Ave,2
2022-04-17 08:39:45,1069,1281,10.18,68.84,110.75,1,137445,Western Ave,2
2022-04-17 08:40:00,1043,1274,10.27,78.8,109.65,2,137460,Western Ave,2
2022-04-17 08:40:15,1039,1278,10.45,83.76,111.76,3,137475,Western Ave,2
2022-04-17 08:40:30,1035,1277,10.58,85.7,110.32,4,137490,Western Ave,2
2022-04-17 09:09:30,1038,1247,12.53,68.55,109.19,1,139230,Western Ave,2
2022-04-17 09:09:45,1015,1240,12.59,79.35,109.53,2,139245,Western Ave,2
2022-04-17 09:10:00,1009,1237,12.73,83.82,114.62,3,139260,Western Ave,2
2022-04-17 09:10:15,1003,1239,12.86,85.61,111.54,4,139275,Western Ave,2
2022-04-17 09:39:15,989,1194,15.84,68.38,107.42,1,141015,Western Ave,2
2022-04-17 09:39:30,975,1187,15.93,81.23,110.08,2,141030,Western Ave,2
2022-04-17 09:39:45,971,1184,16.04,85.26,114.62,3,141045,Western Ave,2
2022-04-17 09:40:00,969,1190,16.21,86.71,110.35,4,141060,Western Ave,2
2022-04-17 10:09:00,967,1163,18.02,67.86,107.15,1,142800,Western Ave,2
2022-04-17 10:09:15,954,1158,18.15,81.8,110.08,2,142815,Western Ave,2
2022-04-17 10:09:30,948,1157,18.22,85.15,112.0,3,142830,Western Ave,2
2022-04-17 10:09:45,951,1159,18.39,86.25,111.08,4,142845,Western Ave,2
2022-04-17 10:38:45,965,1164,17.54,67.93,106.23,1,144585,Western Ave,2
2022-04-17 10:39:00,968,1160,17.66,81.99,109.86,2,144600,Western Ave,2
2022-04-17 10:39:15,970,1158,17.76,83.64,112.0,3,144615,Western Ave,2
2022-04-17 10:39:30,961,1162,17.8,83.32,111.54,4,144630,Western Ave,2
2022-04-17 11:08:30,988,1190,16.14,66.42,107.88,1,146370,Western Ave,2
2022-04-17 11:08:45,984,1186,16.27,76.13,109.99,2,146385,Western Ave,2
2022-04-17 11:09:00,980,1184,16.32,79.5,114.9,3,146400,Western Ave,2
2022-04-17 11:09:15,977,1182,16.48,81.41,110.75,4,146415,Western Ave,2
2022-04-17 11:38:15,1004,1202,14.81,65.45,107.24,1,148155,Western Ave,2
2022-04-17 11:38:30,1000,1197,14.82,76.42,109.65,2,148170,Western Ave,2
2022-04-17 11:38:45,996,1207,14.98,80.17,112.0,3,148185,Western Ave,2
2022-04-17 11:39:00,1001,1198,15.12,82.13,111.39,4,148200,Western Ave,2
2022-04-17 12:08:00,1026,1225,13.51,65.3,108.18,1,149940,Western Ave,2
2022-04-17 12:08:15,1017,1222,13.51,76.43,109.41,2,149955,Western Ave,2
2022-04-17 12:08:30,1008,1226,13.72,80.46,111.76,3,149970,Western Ave,2
2022-04-17 12:08:45,1010,1223,13.75,82.35,109.1,4,149985,Western Ave,2
2022-04-17 12:37:45,1034,1235,12.83,65.19,108.55,1,151725,Western Ave,2
2022-04-17 12:38:00,1029,1238,12.8,76.13,109.77,2,151740,Western Ave,2
2022-04-17 12:38:15,1018,1238,12.97,80.06,114.93,3,151755,Western Ave,2
2022-04-17 12:38:30,1023,1232,13.1,81.95,110.53,4,151770,Western Ave,2
2022-04-17 13:07:30,1043,1240,12.63,64.98,108.95,1,153510,Western Ave,2
2022-04-17 13:07:45,1029,1241,12.64,75.5,109.53,2,153525,Western Ave,2
2022-04-17 13:08:00,1029,1237,12.77,79.27,114.93,3,153540,Western Ave,2
2022-04-17 13:08:15,1023,1238,12.87,80.99,110.53,4,153555,Western Ave,2
2022-04-17 13:37:15,1032,1232,13.15,64.25,108.28,1,155295,Western Ave,2
2022-04-17 13:37:30,1031,1233,13.22,74.23,109.53,2,155310,Western Ave,2
2022-04-17 13:37:45,1026,1229,13.42,77.43,114.93,3,155325,Western Ave,2
2022-04-17 13:38:00,1021,1231,13.47,78.94,110.63,4,155340,Western Ave,2
2022-04-17 14:07:00,1013,1205,14.72,62.84,107.76,1,157080,Western Ave,2
2022-04-17 14:07:15,1010,1211,14.9,71.5,109.68,2,157095,Western Ave,2
2022-04-17 14:07:30,1009,1207,15.12,73.59,114.35,3,157110,Western Ave,2
2022-04-17 14:07:45,1006,1205,15.18,73.97,110.41,4,157125,Western Ave,2
2022-04-17 14:36:45,987,1180,16.59,60.73,107.67,1,158865,Western Ave,2
2022-04-17 14:37:00,997,1183,16.74,63.52,109.99,2,158880,Western Ave,2
2022-04-17 14:37:15,989,1184,16.83,61.4,111.88,3,158895,Western Ave,2
2022-04-17 14:37:30,991,1181,16.87,61.13,110.84,4,158910,Western Ave,2
2022-04-17 15:06:30,976,1160,17.85,57.16,107.09,1,160650,Western Ave,2
2022-04-17 15:06:45,982,1164,17.99,54.75,109.99,2,160665,Western Ave,2
2022-04-17 15:07:00,975,1156,18.05,54.7,112.49,3,160680,Western Ave,2
2022-04-17 15:07:15,979,1160,18.19,54.56,111.54,4,160695,Western Ave,2
2022-04-17 15:36:15,990,1174,16.89,54.09,106.87,1,162435,Western Ave,2
2022-04-17 15:36:30,990,1171,17.02,49.65,110.2,2,162450,Western Ave,2
2022-04-17 15:36:45,989,1179,17.05,49.5,110.93,3,162465,Western Ave,2
2022-04-17 15:37:00,989,1179,17.2,49.15,110.57,4,162480,Western Ave,2
2022-04-17 16:06:00,989,1176,16.66,51.36,107.24,1,164220,Western Ave,2
2022-04-17 16:06:15,998,1178,16.8,44.18,110.02,2,164235,Western Ave,2
2022-04-17 16:06:30,994,1184,16.99,41.92,111.3,3,164250,Western Ave,2
2022-04-17 16:06:45,999,1177,17.12,40.42,110.99,4,164265,Western Ave,2
2022-04-17 16:35:45,1008,1192,15.76,47.94,108.0,1,166005,Western Ave,2
2022-04-17 16:36:00,1007,1197,15.74,38.74,109.74,2,166020,Western Ave,2
2022-04-17 16:36:15,1013,1193,15.92,36.46,112.18,3,166035,Western Ave,2
2022-04-17 16:36:30,1010,1198,16.08,35.57,110.08,4,166050,Western Ave,2
2022-04-17 17:05:30,1001,1182,16.5,45.22,108.0,1,167790,Western Ave,2
2022-04-17 17:05:45,1002,1183,16.58,31.89,110.08,2,167805,Western Ave,2
2022-04-17 17:06:00,1001,1189,16.75,29.67,111.3,3,167820,Western Ave,2
2022-04-17 17:06:15,1005,1185,16.8,28.73,110.57,4,167835,Western Ave,2
2022-04-17 17:35:15,1007,1192,16.13,42.82,108.4,1,169575,Western Ave,2
2022-04-17 17:35:30,1004,1190,16.1,30.56,109.86,2,169590,Western Ave,2
2022-04-17 17:35:45,1009,1191,16.2,28.96,112.18,3,169605,Western Ave,2
2022-04-17 17:36:00,1005,1190,16.34,27.84,109.77,4,169620,Western Ave,2
2022-04-17 18:05:00,1030,1217,14.48,40.68,109.1,1,171360,Western Ave,2
2022-04-17 18:05:15,1029,1211,14.6,31.66,109.89,2,171375,Western Ave,2
2022-04-17 18:05:30,1030,1215,14.68,30.27,114.56,3,171390,Western Ave,2
2022-04-17 18:05:45,1028,1217,14.75,28.91,111.45,4,171405,Western Ave,2
2022-04-17 18:34:45,1035,1227,13.54,38.89,109.89,1,173145,Western Ave,2
2022-04-17 18:35:00,1045,1227,13.55,27.68,108.89,2,173160,Western Ave,2
2022-04-17 18:35:15,1045,1227,13.79,25.18,114.11,3,173175,Western Ave,2
2022-04-17 18:35:30,1043,1230,13.86,24.41,110.84,4,173190,Western Ave,2
2022-04-17 19:04:30,1056,1246,12.53,36.8,110.53,1,174930,Western Ave,2
2022-04-17 19:04:45,1059,1243,12.62,28.46,109.04,2,174945,Western Ave,2
2022-04-17 19:05:00,1054,1247,12.72,27.0,111.45,3,174960,Western Ave,2
2022-04-17 19:05:15,1059,1244,12.83,26.48,110.53,4,174975,Western Ave,2
2022-04-17 19:34:15,1070,1265,11.85,35.5,111.24,1,176715,Western Ave,2
2022-04-17 19:34:30,1072,1259,11.89,29.49,114.93,2,176730,Western Ave,2
2022-04-17 19:34:45,1066,1266,12.06,28.58,113.65,3,176745,Western Ave,2
2022-04-17 19:35:00,1065,1258,12.09,27.87,111.24,4,176760,Western Ave,2
2022-04-17 20:04:00,1074,1271,11.26,34.57,111.54,1,178500,Western Ave,2
2022-04-17 20:04:15,1070,1273,11.43,30.85,109.04,2,178515,Western Ave,2
2022-04-17 20:04:30,1071,1274,11.47,29.82,114.65,3,178530,Western Ave,2
2022-04-17 20:04:45,1078,1265,11.58,29.38,110.66,4,178545,Western Ave,2
2022-04-17 20:33:45,1086,1279,10.83,33.93,111.76,1,180285,Western Ave,2
2022-04-17 20:34:00,1080,1275,10.82,30.48,114.93,2,180300,Western Ave,2
2022-04-17 20:34:15,1079,1274,11.12,29.58,113.16,3,180315,Western Ave,2
2022-04-17 20:34:30,1085,1270,11.2,28.79,110.75,4,180330,Western Ave,2
2022-04-17 21:03:30,1083,1282,10.52,33.33,112.3,1,182070,Western Ave,2
2022-04-17 21:03:45,1089,1280,10.56,30.92,109.04,2,182085,Western Ave,2
2022-04-17 21:04:00,1080,1287,10.66,30.73,114.11,3,182100,Western Ave,2
2022-04-17 21:04:15,1086,1287,10.78,30.37,110.29,4,182115,Western Ave,2
2022-04-17 21:33:15,1093,1294,10.17,33.03,112.52,1,183855,Western Ave,2
2022-04-17 21:33:30,1091,1288,10.22,32.72,109.04,2,183870,Western Ave,2
2022-04-17 21:33:45,1089,1286,10.38,32.41,113.98,3,183885,Western Ave,2
2022-04-17 21:34:00,1083,1288,10.4,32.21,110.35,4,183900,Western Ave,2
2022-04-17 22:03:00,1097,1293,9.72,32.85,112.67,1,185640,Western Ave,2
2022-04-17 22:03:15,1092,1291,9.93,33.93,114.93,2,185655,Western Ave,2
2022-04-17 22:03:30,1091,1291,10.04,33.97,113.74,3,185670,Western Ave,2
2022-04-17 22:03:45,1095,1292,10.17,33.66,110.08,4,185685,Western Ave,2
2022-04-17 22:32:45,1103,1296,9.49,32.74,112.85,1,187425,Western Ave,2
2022-04-17 22:33:00,1097,1303,9.67,34.55,114.65,2,187440,Western Ave,2
2022-04-17 22:33:15,1101,1299,9.73,35.0,113.92,3,187455,Western Ave,2
2022-04-17 22:33:30,1102,1298,9.87,34.79,109.99,4,187470,Western Ave,2
2022-04-17 23:02:30,1099,1303,9.21,32.71,113.19,1,189210,Western Ave,2
2022-04-17 23:02:45,1097,1309,9.22,35.69,114.65,2,189225,Western Ave,2
2022-04-17 23:03:00,1103,1302,9.33,36.41,113.59,3,189240,Western Ave,2
2022-04-17 23:03:15,1097,1307,9.45,36.46,109.89,4,189255,Western Ave,2
2022-04-17 23:32:15,1110,1311,8.88,32.89,112.76,1,190995,Western Ave,2
2022-04-17 23:32:30,1107,1305,8.99,36.3,108.7,2,191010,Western Ave,2
2022-04-17 23:32:45,1104,1307,9.12,36.98,113.92,3,191025,Western Ave,2
2022-04-17 23:33:00,1108,1314,9.29,36.98,110.32,4,191040,Western Ave,2
2022-04-18 00:02:00,1112,1312,8.68,32.96,113.59,1,192780,Western Ave,2
2022-04-18 00:02:15,1106,1312,8.87,36.41,114.62,2,192795,Western Ave,2
2022-04-18 00:02:30,1113,1306,8.97,37.37,113.92,3,192810,Western Ave,2
2022-04-18 00:02:45,1106,1316,9.04,37.53,110.23,4,192825,Western Ave,2
2022-04-18 00:31:45,1116,1317,8.27,32.98,113.31,1,194565,Western Ave,2
2022-04-18 00:32:00,1114,1320,8.43,37.54,114.75,2,194580,Western Ave,2
2022-04-18 00:32:15,1121,1320,8.57,38.59,113.53,3,194595,Western Ave,2
2022-04-18 00:32:30,1113,1319,8.61,38.5,110.96,4,194610,Western Ave,2
2022-04-18 01:01:30,1122,1321,7.93,33.11,113.43,1,196350,Western Ave,2
2022-04-18 01:01:45,1123,1322,8.1,38.03,114.62,2,196365,Western Ave,2
2022-04-18 01:02:00,1116,1323,8.23,39.28,113.28,3,196380,Western Ave,2
2022-04-18 01:02:15,1120,1323,8.36,39.81,110.93,4,196395,Western Ave,2
2022-04-18 01:31:15,1122,1327,7.82,33.24,113.68,1,198135,Western Ave,2
2022-04-18 01:31:30,1124,1329,7.82,38.71,114.75,2,198150,Western Ave,2
2022-04-18 01:31:45,1124,1321,8.02,40.5,113.37,3,198165,Western Ave,2
2022-04-18 01:32:00,1124,1321,8.07,40.66,110.99,4,198180,Western Ave,2
2022-04-18 02:01:00,1124,1331,7.62,33.36,113.77,1,199920,Western Ave,2
2022-04-18 02:01:15,1125,1330,7.71,39.26,114.44,2,199935,Western Ave,2
2022-04-18 02:01:30,1128,1335,7.86,40.89,113.53,3,199950,Western Ave,2
2022-04-18 02:01:45,1122,1332,8.05,40.9,111.08,4,199965,Western Ave,2
2022-04-18 02:30:45,1126,1337,7.47,33.49,114.01,1,201705,Western Ave,2
2022-04-18 02:31:00,1131,1334,7.55,39.09,114.75,2,201720,Western Ave,2
2022-04-18 02:31:15,1126,1333,7.62,40.5,113.28,3,201735,Western Ave,2
2022-04-18 02:31:30,1129,1333,7.88,41.06,110.84,4,201750,Western Ave,2
2022-04-18 03:00:30,1126,1336,7.43,33.59,113.68,1,203490,Western Ave,2
2022-04-18 03:00:45,1129,1332,7.44,39.39,114.5,2,203505,Western Ave,2
2022-04-18 03:01:00,1129,1332,7.68,41.21,113.19,3,203520,Western Ave,2
2022-04-18 03:01:15,1127,1337,7.74,41.55,110.99,4,203535,Western Ave,2
2022-04-18 03:30:15,1131,1335,7.25,33.81,113.68,1,205275,Western Ave,2
2022-04-18 03:30:30,1134,1339,7.2,40.21,114.35,2,205290,Western Ave,2
2022-04-18 03:30:45,1128,1333,7.43,41.95,113.19,3,205305,Western Ave,2
2022-04-18 03:31:00,1131,1340,7.53,42.06,110.75,4,205320,Western Ave,2
2022-04-18 04:00:00,1136,1345,6.94,34.03,113.71,1,207060,Western Ave,2
2022-04-18 04:00:15,1134,1340,7.04,40.3,114.62,2,207075,Western Ave,2
2022-04-18 04:00:30,1137,1344,7.18,42.23,113.16,3,207090,Western Ave,2
2022-04-18 04:00:45,1135,1345,7.2,42.55,110.32,4,207105,Western Ave,2
2022-04-18 04:29:45,1140,1346,6.76,34.15,113.68,1,208845,Western Ave,2
2022-04-18 04:30:00,1143,1346,6.82,40.81,114.56,2,208860,Western Ave,2
2022-04-18 04:30:15,1141,1350,6.92,42.6,112.85,3,208875,Western Ave,2
2022-04-18 04:30:30,1139,1344,7.08,43.32,110.32,4,208890,Western Ave,2
2022-04-18 04:59:30,1148,1348,6.61,34.37,113.92,1,210630,Western Ave,2
2022-04-18 04:59:45,1141,1346,6.71,41.62,114.35,2,210645,Western Ave,2
2022-04-18 05:00:00,1141,1353,6.82,43.72,113.16,3,210660,Western Ave,2
2022-04-18 05:00:15,1143,1350,6.83,44.19,110.57,4,210675,Western Ave,2
2022-04-18 05:29:15,1142,1350,6.28,34.58,113.65,1,212415,Western Ave,2
2022-04-18 05:29:30,1144,1351,6.38,42.02,114.56,2,212430,Western Ave,2
2022-04-18 05:29:45,1147,1359,6.52,44.32,112.98,3,212445,Western Ave,2
2022-04-18 05:30:00,1147,1353,6.66,45.01,110.66,4,212460,Western Ave,2
2022-04-18 05:59:00,1147,1360,6.26,34.69,113.98,1,214200,Western Ave,2
2022-04-18 05:59:15,1144,1352,6.39,43.73,114.2,2,214215,Western Ave,2
2022-04-18 05:59:30,1143,1354,6.52,46.7,113.19,3,214230,Western Ave,2
2022-04-18 05:59:45,1146,1358,6.59,47.17,110.57,4,214245,Western Ave,2
2022-04-18 06:28:45,1146,1357,6.38,35.11,113.74,1,215985,Western Ave,2
2022-04-18 06:29:00,1150,1353,6.57,42.56,114.75,2,216000,Western Ave,2
2022-04-18 06:29:15,1139,1348,6.65,44.94,113.31,3,216015,Western Ave,2
2022-04-18 06:29:30,1148,1350,6.78,45.47,110.84,4,216030,Western Ave,2
2022-04-18 06:58:30,1135,1338,7.08,35.2,113.59,1,217770,Western Ave,2
2022-04-18 06:58:45,1136,1342,7.3,41.56,114.62,2,217785,Western Ave,2
2022-04-18 06:59:00,1138,1340,7.31,43.09,113.59,3,217800,Western Ave,2
2022-04-18 06:59:15,1128,1333,7.47,43.65,111.11,4,217815,Western Ave,2
2022-04-18 07:28:15,1122,1323,7.84,35.16,113.04,1,219555,Western Ave,2
2022-04-18 07:28:30,1117,1326,8.0,40.44,114.93,2,219570,Western Ave,2
2022-04-18 07:28:45,1126,1330,8.1,42.01,114.11,3,219585,Western Ave,2
2022-04-18 07:29:00,1124,1324,8.27,41.94,110.35,4,219600,Western Ave,2
2022-04-18 07:58:00,1115,1307,8.82,35.0,112.49,1,221340,Western Ave,2
2022-04-18 07:58:15,1108,1309,8.89,38.12,114.9,2,221355,Western Ave,2
2022-04-18 07:58:30,1111,1311,9.14,39.39,113.49,3,221370,Western Ave,2
2022-04-18 07:58:45,1104,1310,9.19,39.26,110.99,4,221385,Western Ave,2
2022-04-18 08:27:45,1098,1292,9.93,34.64,111.54,1,223125,Western Ave,2
2022-04-18 08:28:00,1095,1297,10.1,34.94,114.65,2,223140,Western Ave,2
2022-04-18 08:28:15,1096,1297,10.28,34.81,113.65,3,223155,Western Ave,2
2022-04-18 08:28:30,1092,1291,10.35,35.2,111.3,4,223170,Western Ave,2
